subject_name,session_name,n_trials,n_datasets,n_valid,n_early_withdrawal,n_missing_choice,n_no_choice,n_missing_stimulus,n_missing_reward,n_boundary_valid,n_nonboundary_valid
GRB001,20230303_125015,224,1,174,38,0,12,0,0,44,130
GRB001,20230306_114944,189,1,116,58,0,15,0,0,35,81
GRB001,20230307_130204,187,1,114,66,0,7,0,0,46,68
GRB001,20230308_115416,260,1,157,78,0,25,0,0,57,100
GRB001,20230309_123829,279,1,147,128,0,4,0,0,54,93
GRB001,20230310_114829,254,1,133,121,0,0,0,0,46,87
GRB001,20230315_131151,178,1,89,86,0,3,0,0,29,60
GRB001,20230316_134753,264,1,117,147,0,0,0,0,38,79
GRB001,20230317_123750,292,1,150,142,0,0,0,0,52,98
GRB001,20230320_111400,143,1,4,33,0,106,0,0,2,2
GRB001,20230321_115528,244,1,10,111,0,123,0,0,5,5
GRB001,20230322_112302,195,1,184,7,0,4,0,0,61,123
GRB001,20230323_124026,267,1,211,13,0,43,0,0,34,177
GRB001,20230327_123042,258,1,202,55,0,1,0,0,28,174
GRB001,20230328_120308,218,1,157,55,0,6,0,0,20,137
GRB001,20230329_114239,392,1,225,104,0,63,0,0,34,191
GRB001,20230330_110400,483,1,225,242,0,16,0,0,49,176
GRB001,20230331_122551,444,1,170,274,0,0,0,0,25,145
GRB001,20230404_113354,255,1,94,161,0,0,0,0,14,80
GRB001,20230405_105528,345,1,152,192,0,1,0,0,28,124
GRB001,20230406_120747,426,1,217,208,0,1,0,0,42,175
GRB001,20230407_112623,471,1,199,272,0,0,0,0,42,157
GRB001,20230413_111441,210,1,96,112,0,2,0,0,16,80
GRB001,20230414_102543,297,1,148,144,0,5,0,0,33,115
GRB001,20230425_111444,214,1,117,79,0,18,0,0,24,93
GRB001,20230426_121501,260,1,150,105,0,5,0,0,33,117
GRB001,20230427_113439,318,1,195,121,0,2,0,0,42,153
GRB001,20230428_110335,321,1,184,137,0,0,0,0,5,179
GRB001,20230501_112742,229,1,89,128,0,12,0,0,0,89
GRB002,20230302_135530,297,1,179,110,0,8,0,0,0,179
GRB002,20230303_141524,416,1,246,165,0,5,0,0,87,159
GRB002,20230306_133242,17,1,9,8,0,0,0,0,4,5
GRB002,20230306_133658,286,1,157,122,0,7,0,0,50,107
GRB002,20230307_140810,293,1,159,134,0,0,0,0,45,114
GRB002,20230308_140257,391,1,211,175,0,5,0,0,73,138
GRB002,20230309_135316,500,1,316,180,0,4,0,0,109,207
GRB002,20230310_131052,408,1,230,176,0,2,0,0,69,161
GRB002,20230315_143449,193,1,96,97,0,0,0,0,22,74
GRB002,20230316_150831,237,1,161,76,0,0,0,0,41,120
GRB002,20230317_140603,253,1,161,90,0,2,0,0,39,122
GRB002,20230320_130238,209,1,98,111,0,0,0,0,19,79
GRB002,20230321_145527,368,1,216,152,0,0,0,0,50,166
GRB002,20230322_123319,316,1,187,129,0,0,0,0,45,142
GRB002,20230323_143900,389,1,254,135,0,0,0,0,38,216
GRB002,20230327_132323,266,1,149,117,0,0,0,0,10,139
GRB002,20230328_125037,286,1,185,100,0,1,0,0,22,163
GRB002,20230329_135629,342,1,238,104,0,0,0,0,38,200
GRB002,20230330_130405,371,1,240,131,0,0,0,0,27,213
GRB002,20230331_134650,373,1,250,123,0,0,0,0,40,210
GRB002,20230404_124208,257,1,135,122,0,0,0,0,23,112
GRB002,20230405_120828,430,1,226,204,0,0,0,0,35,191
GRB002,20230406_135136,396,1,228,168,0,0,0,0,32,196
GRB002,20230407_131053,380,1,251,129,0,0,0,0,42,209
GRB002,20230413_122526,202,1,118,84,0,0,0,0,21,97
GRB002,20230414_115410,273,1,187,85,0,1,0,0,24,163
GRB002,20230425_122449,212,1,163,25,0,24,0,0,16,147
GRB002,20230426_132100,343,1,185,154,0,4,0,0,34,151
GRB002,20230427_124638,373,1,228,140,0,5,0,0,22,206
GRB002,20230428_121502,374,1,218,151,0,5,0,0,29,189
GRB002,20230501_125544,299,1,123,174,0,2,0,0,0,123
GRB003,20230301_145527,386,1,242,142,0,2,0,0,0,242
GRB003,20230302_151421,405,1,298,97,0,10,0,0,91,207
GRB003,20230303_152421,460,1,298,158,0,4,0,0,107,191
GRB003,20230306_150924,280,1,138,125,0,17,0,0,46,92
GRB003,20230307_151335,503,1,291,208,0,4,0,0,79,212
GRB003,20230308_151723,593,1,320,273,0,0,0,0,95,225
GRB003,20230309_153713,473,1,228,245,0,0,0,0,76,152
GRB003,20230310_145155,432,1,243,189,0,0,0,0,74,169
GRB003,20230315_155811,177,1,68,103,0,6,0,0,13,55
GRB003,20230316_162956,221,1,120,80,0,21,0,0,26,94
GRB003,20230317_153453,296,1,207,85,0,4,0,0,40,167
GRB003,20230320_141125,438,1,228,209,0,1,0,0,56,172
GRB003,20230321_161300,347,1,207,139,0,1,0,0,38,169
GRB003,20230322_140951,432,1,291,133,0,8,0,0,41,250
GRB003,20230323_155533,463,1,263,199,0,1,0,0,34,229
GRB003,20230327_154243,347,1,125,220,0,2,0,0,17,108
GRB003,20230328_141901,305,1,158,135,0,12,0,0,23,135
GRB003,20230329_153742,272,1,153,115,0,4,0,0,27,126
GRB003,20230330_142611,404,1,223,174,0,7,0,0,42,181
GRB003,20230331_145559,374,1,197,176,0,1,0,0,29,168
GRB003,20230404_140710,329,1,140,184,0,5,0,0,13,127
GRB003,20230405_145731,425,1,175,249,0,1,0,0,24,151
GRB003,20230406_151551,507,1,229,278,0,0,0,0,42,187
GRB003,20230407_144449,537,1,258,279,0,0,0,0,37,221
GRB003,20230413_134811,226,1,76,150,0,0,0,0,8,68
GRB003,20230414_131018,337,1,160,177,0,0,0,0,17,143
GRB003,20230425_135510,262,1,139,122,0,1,0,0,24,115
GRB003,20230426_151556,270,1,141,129,0,0,0,0,18,123
GRB003,20230427_141807,373,1,183,190,0,0,0,0,29,154
GRB003,20230428_133335,270,1,133,137,0,0,0,0,1,132
GRB003,20230501_141611,255,1,159,96,0,0,0,0,0,159
GRB003,20230525_152900,309,1,135,172,0,2,0,0,0,135
GRB004,20230301_161438,313,1,136,155,0,22,0,0,0,136
GRB004,20230302_165551,426,1,255,156,0,15,0,0,84,171
GRB004,20230303_164038,467,1,250,214,0,3,0,0,85,165
GRB004,20230306_170339,378,1,168,210,0,0,0,0,50,118
GRB004,20230307_163720,397,1,191,206,0,0,0,0,62,129
GRB004,20230308_163955,532,1,244,288,0,0,0,0,81,163
GRB004,20230309_170109,467,1,204,260,0,3,0,0,69,135
GRB004,20230310_155943,387,1,215,149,0,23,0,0,74,141
GRB004,20230315_172517,145,1,68,77,0,0,0,0,14,54
GRB004,20230316_173918,194,1,122,72,0,0,0,0,31,91
GRB004,20230317_165721,346,1,218,126,0,2,0,0,39,179
GRB004,20230320_154255,352,1,193,157,0,2,0,0,43,150
GRB004,20230321_171955,468,1,275,193,0,0,0,0,51,224
GRB004,20230322_162037,590,1,324,265,0,1,0,0,65,259
GRB004,20230323_170409,498,1,233,263,0,2,0,0,36,197
GRB004,20230327_165939,322,1,152,168,0,2,0,0,20,132
GRB004,20230328_155536,373,1,180,191,0,2,0,0,18,162
GRB004,20230329_165628,356,1,165,188,0,3,0,0,23,142
GRB004,20230330_160628,553,1,268,283,0,2,0,0,38,230
GRB004,20230331_160627,399,1,181,218,0,0,0,0,23,158
GRB004,20230404_152426,409,1,144,265,0,0,0,0,30,114
GRB004,20230405_161537,374,1,177,197,0,0,0,0,24,153
GRB004,20230406_163609,447,1,274,173,0,0,0,0,48,226
GRB004,20230407_161708,480,1,256,224,0,0,0,0,28,228
GRB004,20230413_150143,303,1,164,138,0,1,0,0,31,133
GRB004,20230414_143447,412,1,262,150,0,0,0,0,34,228
GRB004,20230425_152059,284,1,136,148,0,0,0,0,19,117
GRB004,20230426_162229,270,1,143,127,0,0,0,0,24,119
GRB004,20230427_155048,353,1,241,112,0,0,0,0,36,205
GRB004,20230428_145228,352,1,183,169,0,0,0,0,34,149
GRB004,20230501_153650,314,1,229,76,0,9,0,0,0,229
GRB005,20230929_133434,216,1,105,111,0,0,0,0,0,105
GRB005,20231002_124544,233,1,119,114,0,0,0,0,0,119
GRB005,20231003_125914,243,1,121,122,0,0,0,0,0,121
GRB005,20231004_110009,227,1,111,116,0,0,0,0,0,111
GRB005,20231005_115016,346,1,174,172,0,0,0,0,0,174
GRB005,20231006_114037,388,1,185,203,0,0,0,0,0,185
GRB005,20231009_115120,273,1,146,126,0,1,0,0,0,146
GRB005,20231010_114911,258,1,136,122,0,0,0,0,0,136
GRB005,20231011_113957,220,1,119,100,0,1,0,0,0,119
GRB005,20231012_120320,264,1,127,137,0,0,0,0,0,127
GRB005,20231016_115548,190,1,75,115,0,0,0,0,0,75
GRB005,20231017_132110,249,1,119,130,0,0,0,0,0,119
GRB005,20231018_144235,193,1,101,92,0,0,0,0,0,101
GRB005,20231019_112149,227,1,117,108,0,2,0,0,0,117
GRB005,20231020_122052,273,1,104,167,0,2,0,0,0,104
GRB005,20231023_132105,207,1,85,122,0,0,0,0,0,85
GRB005,20231024_125219,204,1,88,116,0,0,0,0,0,88
GRB005,20231026_105820,273,1,123,150,0,0,0,0,0,123
GRB005,20231027_113419,189,1,93,96,0,0,0,0,0,93
GRB005,20231031_121620,120,1,81,38,0,1,0,0,0,81
GRB005,20231101_115456,235,1,125,110,0,0,0,0,0,125
GRB005,20231102_124206,266,1,131,134,0,1,0,0,0,131
GRB005,20231103_113632,290,1,150,137,0,3,0,0,0,150
GRB005,20231106_133341,224,1,116,108,0,0,0,0,0,116
GRB005,20231107_114255,220,1,109,110,0,1,0,0,0,109
GRB005,20231108_131049,194,1,106,88,0,0,0,0,0,106
GRB005,20231109_115653,260,1,121,138,0,1,0,0,0,121
GRB005,20231109_125452,113,1,45,68,0,0,0,0,0,45
GRB005,20231113_120407,147,1,56,91,0,0,0,0,0,56
GRB005,20231114_125730,164,1,77,87,0,0,0,0,0,77
GRB005,20231115_122110,199,1,118,80,0,1,0,0,0,118
GRB005,20231116_140208,261,1,151,110,0,0,0,0,0,151
GRB005,20231117_170210,319,1,183,136,0,0,0,0,0,183
GRB005,20231127_114744,60,1,27,33,0,0,0,0,0,27
GRB005,20231128_124340,181,1,86,95,0,0,0,0,0,86
GRB005,20231130_124448,193,1,117,75,0,1,0,0,0,117
GRB005,20231201_100738,244,1,156,86,0,2,0,0,0,156
GRB005,20231208_121128,246,1,145,101,0,0,0,0,0,145
GRB005,20231211_124230,146,1,80,66,0,0,0,0,0,80
GRB005,20231212_113614,222,1,139,83,0,0,0,0,0,139
GRB005,20231215_101327,159,1,66,93,0,0,0,0,0,66
GRB005,20240109_132843,212,1,142,70,0,0,0,0,0,142
GRB005,20240110_124236,225,1,88,137,0,0,0,0,0,88
GRB005,20240111_121306,190,1,87,103,0,0,0,0,0,87
GRB005,20240112_122103,273,1,133,140,0,0,0,0,0,133
GRB005,20240116_130655,328,1,201,127,0,0,0,0,0,201
GRB005,20240117_133851,243,1,131,112,0,0,0,0,0,131
GRB005,20240118_121724,256,1,167,89,0,0,0,0,0,167
GRB005,20240119_111500,386,1,250,136,0,0,0,0,0,250
GRB005,20240228_120637,263,1,188,72,0,3,0,0,0,188
GRB005,20240229_105941,290,1,203,85,0,2,0,0,0,203
GRB005,20240301_132041,296,1,212,83,0,1,0,0,0,212
GRB005,20240304_103041,341,1,225,107,0,9,0,0,0,225
GRB005,20240305_125025,193,1,128,62,0,3,0,0,0,128
GRB005,20240306_114201,427,1,333,89,0,5,0,0,0,333
GRB005,20240307_132834,408,1,282,125,0,1,0,0,0,282
GRB005,20240308_132201,348,1,262,81,0,5,0,0,0,262
GRB005,20240311_155338,293,1,209,84,0,0,0,0,0,209
GRB005,20240312_112349,246,1,186,60,0,0,0,0,0,186
GRB005,20240313_192141,219,1,170,49,0,0,0,0,0,170
GRB005,20240314_150444,218,1,148,70,0,0,0,0,0,148
GRB005,20240315_131546,135,1,75,60,0,0,0,0,0,75
GRB005,20240318_112428,161,1,103,58,0,0,0,0,0,103
GRB005,20240319_104439,258,1,140,118,0,0,0,0,0,140
GRB005,20240320_110746,260,1,161,99,0,0,0,0,0,161
GRB005,20240321_114319,319,1,195,124,0,0,0,0,0,195
GRB005,20240322_115625,486,1,419,47,0,20,0,0,0,419
GRB005,20240323_130708,340,1,277,47,0,16,0,0,0,277
GRB005,20240324_123215,403,1,306,92,0,5,0,0,0,306
GRB005,20240325_103312,336,1,259,74,0,3,0,0,0,259
GRB005,20240326_130651,482,1,384,96,0,2,0,0,0,384
GRB005,20240327_133618,376,1,193,174,0,9,0,0,0,193
GRB005,20240328_115638,430,1,180,111,0,139,0,0,0,180
GRB005,20240330_133036,296,1,147,114,0,35,0,0,0,147
GRB005,20240331_115853,424,1,226,125,0,73,0,0,0,226
GRB005,20240401_112940,450,1,280,105,0,65,0,0,0,280
GRB005,20240402_114600,619,1,339,163,0,117,0,0,0,339
GRB005,20240403_113942,389,1,213,128,0,48,0,0,0,213
GRB005,20240404_105658,362,1,268,91,0,3,0,0,0,268
GRB005,20240405_125821,414,1,226,163,0,25,0,0,0,226
GRB005,20240406_105421,424,1,269,134,0,21,0,0,0,269
GRB005,20240407_111053,324,1,179,114,0,31,0,0,0,179
GRB005,20240408_125038,337,1,247,84,0,6,0,0,0,247
GRB005,20240518_163158,606,1,365,241,0,0,0,0,0,365
GRB005,20240627_142727,168,1,128,38,0,2,0,0,0,128
GRB006,20230919_133340,250,1,94,156,0,0,0,0,0,94
GRB006,20230920_155219,307,1,120,187,0,0,0,0,0,120
GRB006,20230921_133636,304,1,134,170,0,0,0,0,0,134
GRB006,20230922_131609,333,1,154,179,0,0,0,0,0,154
GRB006,20230925_154539,206,1,70,134,0,2,0,0,0,70
GRB006,20230926_123033,350,1,146,203,0,1,0,0,0,146
GRB006,20230927_145701,439,1,179,260,0,0,0,0,0,179
GRB006,20230928_145546,450,1,234,216,0,0,0,0,0,234
GRB006,20230929_145546,453,1,198,255,0,0,0,0,0,198
GRB006,20231002_140748,442,1,150,292,0,0,0,0,0,150
GRB006,20231003_141126,463,1,218,245,0,0,0,0,0,218
GRB006,20231004_122636,441,1,231,210,0,0,0,0,0,231
GRB006,20231005_133120,449,1,230,219,0,0,0,0,0,230
GRB006,20231006_132453,590,1,287,302,0,1,0,0,0,287
GRB006,20231009_134122,436,1,223,212,0,1,0,0,0,223
GRB006,20231010_131131,395,1,174,219,0,2,0,0,0,174
GRB006,20231011_124016,494,1,216,275,0,3,0,0,0,216
GRB006,20231012_133025,429,1,178,251,0,0,0,0,0,178
GRB006,20231016_134002,205,1,81,124,0,0,0,0,0,81
GRB006,20231017_141854,416,1,172,244,0,0,0,0,0,172
GRB006,20231018_160206,416,1,163,253,0,0,0,0,0,163
GRB006,20231019_124131,322,1,173,149,0,0,0,0,0,173
GRB006,20231020_134744,318,1,147,171,0,0,0,0,0,147
GRB006,20231023_142912,132,1,36,96,0,0,0,0,0,36
GRB006,20231024_141355,227,1,75,152,0,0,0,0,0,75
GRB006,20231026_115451,173,1,68,105,0,0,0,0,0,68
GRB006,20231027_125224,253,1,100,153,0,0,0,0,0,100
GRB006,20231031_133131,122,1,24,98,0,0,0,0,0,24
GRB006,20231101_130616,395,1,139,256,0,0,0,0,0,139
GRB006,20231102_142814,327,1,164,163,0,0,0,0,0,164
GRB006,20231103_124436,388,1,195,193,0,0,0,0,0,195
GRB006,20231106_143523,235,1,81,154,0,0,0,0,0,81
GRB006,20231107_131358,382,1,156,226,0,0,0,0,0,156
GRB006,20231108_143210,449,1,220,229,0,0,0,0,0,220
GRB006,20231109_132341,349,1,173,176,0,0,0,0,0,173
GRB006,20231113_132100,287,1,107,180,0,0,0,0,0,107
GRB006,20231114_135633,434,1,193,241,0,0,0,0,0,193
GRB006,20231115_134443,388,1,172,216,0,0,0,0,0,172
GRB006,20231116_150200,418,1,206,212,0,0,0,0,0,206
GRB006,20231117_185904,155,1,69,86,0,0,0,0,0,69
GRB006,20231127_133022,33,1,2,31,0,0,0,0,0,2
GRB006,20231128_141426,216,1,80,136,0,0,0,0,0,80
GRB006,20231130_135215,300,1,152,148,0,0,0,0,0,152
GRB006,20231201_113419,258,1,172,86,0,0,0,0,0,172
GRB006,20231208_131651,221,1,108,113,0,0,0,0,0,108
GRB006,20231211_134311,70,1,16,54,0,0,0,0,0,16
GRB006,20231212_130030,184,1,88,96,0,0,0,0,0,88
GRB006,20231215_112543,263,1,142,121,0,0,0,0,0,142
GRB006,20240109_144700,99,1,9,90,0,0,0,0,0,9
GRB006,20240110_135431,71,1,1,70,0,0,0,0,0,1
GRB006,20240110_162338,38,1,7,8,0,23,0,0,0,7
GRB006,20240111_132629,205,1,113,91,0,1,0,0,0,113
GRB006,20240112_135518,158,1,111,45,0,2,0,0,0,111
GRB006,20240116_163044,45,1,11,33,0,1,0,0,0,11
GRB006,20240117_152600,149,1,91,57,0,1,0,0,0,91
GRB006,20240118_133404,178,1,143,33,0,2,0,0,0,143
GRB006,20240228_131618,59,1,6,53,0,0,0,0,0,6
GRB006,20240229_132420,201,1,117,84,0,0,0,0,0,117
GRB006,20240301_144326,215,1,123,92,0,0,0,0,0,123
GRB006,20240304_122108,71,1,22,49,0,0,0,0,0,22
GRB006,20240305_135034,151,1,85,66,0,0,0,0,0,85
GRB006,20240306_133858,249,1,180,69,0,0,0,0,0,180
GRB006,20240307_155109,241,1,117,124,0,0,0,0,0,117
GRB006,20240308_152123,253,1,198,47,0,8,0,0,0,198
GRB006,20240311_174310,267,1,109,158,0,0,0,0,0,109
GRB006,20240313_141512,368,1,222,146,0,0,0,0,0,222
GRB006,20240314_155950,583,1,346,237,0,0,0,0,0,346
GRB006,20240315_141855,434,1,247,187,0,0,0,0,0,247
GRB006,20240318_125437,260,1,155,105,0,0,0,0,0,155
GRB006,20240319_120110,324,1,173,151,0,0,0,0,0,173
GRB006,20240320_124113,378,1,210,168,0,0,0,0,0,210
GRB006,20240321_131913,348,1,181,167,0,0,0,0,0,181
GRB006,20240322_141501,357,1,305,52,0,0,0,0,0,305
GRB006,20240323_142335,385,1,293,91,0,1,0,0,0,293
GRB006,20240324_135731,298,1,217,80,0,1,0,0,0,217
GRB006,20240325_115618,336,1,250,81,0,5,0,0,0,250
GRB006,20240326_140658,498,1,331,160,0,7,0,0,0,331
GRB006,20240327_154217,333,1,226,96,0,11,0,0,0,226
GRB006,20240328_135035,465,1,311,148,0,6,0,0,0,311
GRB006,20240330_144712,636,1,449,185,0,2,0,0,0,449
GRB006,20240331_132807,413,1,281,126,0,6,0,0,0,281
GRB006,20240401_125219,338,1,218,85,0,35,0,0,0,218
GRB006,20240402_140646,467,1,300,152,0,15,0,0,0,300
GRB006,20240403_131227,460,1,261,175,0,24,0,0,0,261
GRB006,20240404_115105,303,1,182,98,0,23,0,0,0,182
GRB006,20240405_142239,538,1,346,169,0,23,0,0,0,346
GRB006,20240406_122407,371,1,207,129,0,35,0,0,0,207
GRB006,20240407_123014,291,1,175,90,0,26,0,0,0,175
GRB006,20240408_135314,656,1,404,235,0,17,0,0,0,404
GRB006,20240419_151040,78,1,28,42,0,8,0,0,0,28
GRB006,20240423_162658,473,1,315,157,0,1,0,0,0,315
GRB006,20240424_150511,378,1,247,125,0,6,0,0,0,247
GRB006,20240426_174044,28,1,11,16,0,1,0,0,0,11
GRB006,20240429_174359,513,1,310,203,0,0,0,0,0,310
GRB006,20240429_184502,123,1,73,49,0,1,0,0,0,73
GRB006,20240430_183206,441,1,297,144,0,0,0,0,0,297
GRB006,20240501_195113,534,1,418,115,0,1,0,0,0,418
GRB006,20240502_161058,494,1,346,148,0,0,0,0,0,346
GRB006,20240503_163955,481,1,349,132,0,0,0,0,0,349
GRB006,20240506_171411,562,1,386,176,0,0,0,0,0,386
GRB006,20240507_180829,620,1,447,173,0,0,0,0,0,447
GRB006,20240508_173227,489,1,322,167,0,0,0,0,0,322
GRB006,20240509_163637,611,1,448,163,0,0,0,0,0,448
GRB006,20240510_180411,560,1,415,145,0,0,0,0,0,415
GRB006,20240514_164132,56,1,21,34,0,1,0,0,0,21
GRB006,20240515_164745,116,1,71,44,0,1,0,0,0,71
GRB006,20240516_140225,27,1,10,14,0,3,0,0,0,10
GRB006,20240517_161352,685,1,474,211,0,0,0,0,0,474
GRB006,20240521_170727,924,1,604,320,0,0,0,0,0,604
GRB006,20240522_170215,902,1,660,241,0,1,0,0,0,660
GRB006,20240523_174600,685,1,457,228,0,0,0,0,0,457
GRB006,20240524_162152,657,1,470,186,0,1,0,0,0,470
GRB006,20240529_150103,629,1,382,246,0,1,0,0,0,382
GRB006,20240530_164626,715,1,479,236,0,0,0,0,0,479
GRB006,20240531_164435,543,1,400,141,0,2,0,0,0,400
GRB006,20240604_123410,536,1,365,170,0,1,0,0,0,365
GRB006,20240605_133531,511,1,348,162,0,1,0,0,0,348
GRB006,20240606_141045,600,1,399,200,0,1,0,0,0,399
GRB006,20240607_133855,397,1,297,100,0,0,0,0,0,297
GRB006,20240610_133557,522,1,283,239,0,0,0,0,0,283
GRB006,20240611_134554,678,1,457,221,0,0,0,0,0,457
GRB006,20240612_142350,656,1,445,211,0,0,0,0,0,445
GRB006,20240613_140011,587,1,381,206,0,0,0,0,0,381
GRB006,20240614_132538,612,1,427,184,0,1,0,0,0,427
GRB006,20240617_123448,439,1,311,127,0,1,0,0,0,311
GRB006,20240620_124808,540,1,371,162,0,7,0,0,60,311
GRB006,20240621_143838,433,1,295,131,0,7,0,0,63,232
GRB006,20240624_112117,514,1,322,191,0,1,0,0,53,269
GRB006,20240625_130638,666,1,465,201,0,0,0,0,94,371
GRB006,20240626_113043,187,1,125,60,0,2,0,0,28,97
GRB006,20240627_141852,20,1,12,8,0,0,0,0,0,12
GRB006,20240628_130506,485,1,343,141,0,1,0,0,55,288
GRB006,20240701_112146,662,1,409,251,0,2,0,0,72,337
GRB006,20240702_134736,474,1,318,155,0,1,0,0,49,269
GRB006,20240710_124222,420,1,242,177,0,1,0,0,44,198
GRB006,20240711_134140,313,1,228,82,0,3,0,0,34,194
GRB006,20240715_134530,400,1,286,114,0,0,0,0,43,243
GRB006,20240716_151257,575,1,353,222,0,0,0,0,69,284
GRB006,20240717_154846,454,1,319,131,0,4,0,0,56,263
GRB006,20240718_150828,417,1,268,141,0,8,0,0,46,222
GRB006,20240722_142540,531,1,277,254,0,0,0,0,50,227
GRB006,20240723_142451,831,1,397,434,0,0,0,0,79,318
GRB006,20240724_144439,525,1,281,237,0,7,0,0,42,239
GRB006,20240725_153628,641,1,348,293,0,0,0,0,77,271
GRB006,20240729_155308,587,1,297,290,0,0,0,0,49,248
GRB006,20240730_142934,382,1,221,160,0,1,0,0,35,186
GRB006,20240801_164225,512,1,270,241,0,1,0,0,70,200
GRB006,20240805_142718,585,1,336,249,0,0,0,0,54,282
GRB006,20240806_141817,632,1,383,249,0,0,0,0,62,321
GRB006,20240807_120640,520,1,388,130,0,2,0,0,73,315
GRB006,20240813_132409,36,1,13,22,0,1,0,0,4,9
GRB006,20240814_154434,462,1,271,189,0,2,0,0,45,226
GRB006,20240815_111040,399,1,312,86,0,1,0,0,60,252
GRB006,20240819_110829,593,1,393,199,0,1,0,0,51,342
GRB006,20240820_115126,285,1,207,78,0,0,0,0,33,174
GRB006,20240821_121447,504,1,294,209,0,1,0,0,53,241
GRB006,20240822_100914,463,1,273,190,0,0,0,0,46,227
GRB006,20240826_113307,698,1,0,276,0,0,422,0,0,0
GRB006,20240827_130938,623,1,0,273,0,0,350,0,0,0
GRB006,20240828_115206,545,1,0,175,0,0,370,0,0,0
GRB006,20240829_120021,786,1,0,230,0,0,556,0,0,0
GRB006,20240903_124612,773,1,0,277,0,3,493,0,0,0
GRB006,20240904_120850,601,1,0,208,0,1,392,0,0,0
GRB006,20240906_123510,599,1,0,284,0,0,315,0,0,0
GRB006,20241001_153432,181,1,0,112,0,0,69,0,0,0
GRB006,20241002_142716,547,1,207,238,0,0,102,0,38,169
GRB006,20241003_112246,573,1,235,230,0,0,108,0,35,200
GRB006,20241004_120803,617,1,207,305,0,0,105,0,29,178
GRB006,20241007_142037,490,1,166,242,0,3,79,0,31,135
GRB006,20241008_151755,539,1,150,322,0,0,67,0,29,121
GRB006,20241011_121243,489,1,178,224,0,3,84,0,31,147
GRB006,20241015_145423,625,1,165,385,0,0,75,0,29,136
GRB006,20241016_153658,455,1,117,276,0,0,62,0,17,100
GRB006,20241018_141859,490,1,165,238,0,0,87,0,24,141
GRB006,20241021_172639,328,1,48,251,0,1,28,0,0,48
GRB007,20230915_164832,369,1,175,194,0,0,0,0,0,175
GRB007,20230918_153957,630,1,301,324,0,5,0,0,0,301
GRB007,20230919_144529,498,1,260,238,0,0,0,0,0,260
GRB007,20230920_172352,446,1,229,216,0,1,0,0,0,229
GRB007,20230921_145848,386,1,212,170,0,4,0,0,0,212
GRB007,20230922_142915,373,1,210,157,0,6,0,0,0,210
GRB007,20230925_170230,567,1,316,251,0,0,0,0,0,316
GRB007,20230926_140008,389,1,219,167,0,3,0,0,0,219
GRB007,20230927_162714,391,1,188,201,0,2,0,0,0,188
GRB007,20230928_162136,470,1,222,246,0,2,0,0,0,222
GRB007,20230929_161638,358,1,161,195,0,2,0,0,0,161
GRB007,20231002_153034,530,1,263,265,0,2,0,0,0,263
GRB007,20231003_152140,445,1,212,233,0,0,0,0,0,212
GRB007,20231004_135927,357,1,158,197,0,2,0,0,0,158
GRB007,20231005_144336,390,1,177,212,0,1,0,0,0,177
GRB007,20231006_153149,498,1,185,281,0,32,0,0,0,185
GRB007,20231009_155246,566,1,287,279,0,0,0,0,0,287
GRB007,20231010_145209,575,1,212,343,0,20,0,0,0,212
GRB007,20231011_145613,416,1,223,187,0,6,0,0,0,223
GRB007,20231012_151257,346,1,164,173,0,9,0,0,0,164
GRB007,20231016_150708,428,1,194,233,0,1,0,0,0,194
GRB007,20231017_160801,428,1,212,216,0,0,0,0,0,212
GRB007,20231018_170851,417,1,167,250,0,0,0,0,0,167
GRB007,20231019_135758,314,1,159,155,0,0,0,0,0,159
GRB007,20231020_150357,329,1,160,169,0,0,0,0,0,160
GRB007,20231023_155038,441,1,198,243,0,0,0,0,0,198
GRB007,20231024_150818,417,1,207,210,0,0,0,0,0,207
GRB007,20231026_125027,334,1,221,113,0,0,0,0,0,221
GRB007,20231027_140706,315,1,210,105,0,0,0,0,0,210
GRB007,20231031_151051,598,1,398,200,0,0,0,0,0,398
GRB007,20231101_144710,517,1,321,196,0,0,0,0,0,321
GRB007,20231102_153914,446,1,300,146,0,0,0,0,0,300
GRB007,20231103_142834,449,1,302,147,0,0,0,0,0,302
GRB007,20231106_153044,361,1,211,150,0,0,0,0,0,211
GRB007,20231107_143803,504,1,294,210,0,0,0,0,0,294
GRB007,20231108_160830,391,1,223,168,0,0,0,0,0,223
GRB007,20231109_144227,469,1,240,229,0,0,0,0,0,240
GRB007,20231113_143654,637,1,417,220,0,0,0,0,0,417
GRB007,20231114_150447,444,1,270,174,0,0,0,0,0,270
GRB007,20231115_150359,462,1,277,185,0,0,0,0,0,277
GRB007,20231116_161830,324,1,169,155,0,0,0,0,0,169
GRB007,20231117_195820,381,1,221,160,0,0,0,0,0,221
GRB007,20231127_141827,123,1,5,118,0,0,0,0,0,5
GRB007,20231128_151327,374,1,124,250,0,0,0,0,0,124
GRB007,20231130_151634,230,1,109,121,0,0,0,0,0,109
GRB007,20231201_153359,568,1,404,164,0,0,0,0,0,404
GRB007,20231208_140029,486,1,275,211,0,0,0,0,0,275
GRB007,20231211_151852,669,1,398,271,0,0,0,0,0,398
GRB007,20231212_141933,531,1,361,169,0,1,0,0,0,361
GRB007,20231215_125717,382,1,308,74,0,0,0,0,0,308
GRB007,20240109_165133,349,1,180,169,0,0,0,0,0,180
GRB007,20240110_145350,437,1,289,148,0,0,0,0,0,289
GRB007,20240111_150047,462,1,370,92,0,0,0,0,0,370
GRB007,20240112_151528,321,1,249,72,0,0,0,0,0,249
GRB007,20240116_173612,394,1,258,134,0,2,0,0,0,258
GRB007,20240117_163730,289,1,190,99,0,0,0,0,0,190
GRB007,20240118_145141,625,1,473,152,0,0,0,0,0,473
GRB007,20240209_153030,436,1,327,109,0,0,0,0,0,327
GRB007,20240213_144727,502,1,364,138,0,0,0,0,0,364
GRB007,20240214_134654,481,1,355,126,0,0,0,0,0,355
GRB007,20240215_154452,459,1,328,131,0,0,0,0,0,328
GRB007,20240216_153252,401,1,306,95,0,0,0,0,0,306
GRB007,20240220_145312,549,1,342,207,0,0,0,0,0,342
GRB007,20240221_160836,624,1,445,179,0,0,0,0,0,445
GRB007,20240222_162725,423,1,333,90,0,0,0,0,0,333
GRB007,20240223_160026,343,1,255,88,0,0,0,0,0,255
GRB007,20240226_154443,627,1,445,182,0,0,0,0,0,445
GRB007,20240227_161812,498,1,346,152,0,0,0,0,0,346
GRB007,20240228_142131,475,1,364,111,0,0,0,0,0,364
GRB007,20240229_144403,388,1,292,96,0,0,0,0,0,292
GRB007,20240301_154049,479,1,356,123,0,0,0,0,0,356
GRB007,20240304_134931,501,1,386,114,0,1,0,0,0,386
GRB007,20240305_151042,504,1,359,144,0,1,0,0,0,359
GRB007,20240306_152754,410,1,314,94,0,2,0,0,0,314
GRB007,20240307_172157,356,1,280,76,0,0,0,0,0,280
GRB007,20240308_165708,248,1,110,81,0,57,0,0,0,110
GRB007,20240311_185918,448,1,329,118,0,1,0,0,0,329
GRB007,20240313_161224,391,1,301,90,0,0,0,0,0,301
GRB007,20240314_172708,467,1,359,108,0,0,0,0,0,359
GRB007,20240315_154939,594,1,373,168,0,53,0,0,0,373
GRB007,20240318_134847,581,1,365,205,0,11,0,0,0,365
GRB007,20240319_131556,257,1,120,60,0,77,0,0,0,120
GRB007,20240320_143407,422,1,272,118,0,32,0,0,0,272
GRB007,20240321_165039,392,1,254,137,0,1,0,0,0,254
GRB007,20240322_155511,185,1,101,56,0,28,0,0,0,101
GRB007,20240323_155725,408,1,278,128,0,2,0,0,0,278
GRB007,20240324_152016,384,1,275,96,0,13,0,0,0,275
GRB007,20240325_125723,321,1,243,77,0,1,0,0,0,243
GRB007,20240326_160327,436,1,300,133,0,3,0,0,0,300
GRB007,20240327_171016,553,1,334,206,0,13,0,0,0,334
GRB007,20240328_152026,482,1,319,160,0,3,0,0,0,319
GRB007,20240330_161607,429,1,254,134,0,41,0,0,0,254
GRB007,20240331_144919,256,1,180,69,0,7,0,0,0,180
GRB007,20240401_142607,415,1,252,136,0,27,0,0,0,252
GRB007,20240402_153430,641,1,328,249,0,64,0,0,0,328
GRB007,20240403_150425,375,1,240,126,0,9,0,0,0,240
GRB007,20240404_131708,336,1,225,109,0,2,0,0,0,225
GRB007,20240405_160405,475,1,302,173,0,0,0,0,0,302
GRB007,20240406_141108,359,1,220,101,0,38,0,0,0,220
GRB007,20240407_140257,391,1,241,144,0,6,0,0,0,241
GRB007,20240408_161715,321,1,201,112,0,8,0,0,0,201
GRB015,20240323_123311,116,1,58,53,0,5,0,0,0,58
GRB015,20240324_123533,169,1,96,63,0,10,0,0,0,96
GRB018,20240327_163636,405,1,262,141,0,2,0,0,0,262
GRB018,20240328_152556,267,1,169,97,0,1,0,0,0,169
GRB018,20240330_130715,207,1,89,106,0,12,0,0,0,89
GRB018,20240331_120245,279,1,152,119,0,8,0,0,0,152
GRB018,20240401_142739,357,1,161,184,0,12,0,0,0,161
GRB018,20240402_115013,331,1,171,155,0,5,0,0,0,171
GRB018,20240405_130847,312,1,135,177,0,0,0,0,0,135
GRB018,20240406_105929,356,1,179,177,0,0,0,0,0,179
GRB018,20240407_104806,273,1,168,105,0,0,0,0,0,168
GRB018,20240408_143326,386,1,202,184,0,0,0,0,0,202
GRB026,20240415_123347,149,1,107,11,0,31,0,0,0,107
GRB026,20240417_132854,279,1,218,50,0,11,0,0,0,218
GRB026,20240603_124858,465,1,186,275,0,4,0,0,0,186
GRB026,20240604_161605,764,1,234,530,0,0,0,0,0,234
GRB026,20240605_145835,379,1,159,217,0,3,0,0,0,159
GRB026,20240606_151800,396,1,182,213,0,1,0,0,0,182
GRB026,20240607_144718,314,1,150,161,0,3,0,0,0,150
GRB026,20240610_144158,393,1,209,184,0,0,0,0,0,209
GRB026,20240611_145320,415,1,189,226,0,0,0,0,0,189
GRB026,20240612_153247,444,1,235,209,0,0,0,0,0,235
GRB026,20240613_150247,335,1,212,123,0,0,0,0,0,212
GRB026,20240614_143813,488,1,305,183,0,0,0,0,0,305
GRB026,20240617_134347,551,1,301,250,0,0,0,0,0,301
GRB026,20240620_141132,514,1,345,168,0,1,0,0,0,345
GRB026,20240624_123333,467,1,337,130,0,0,0,0,0,337
GRB026,20240625_105542,350,1,240,110,0,0,0,0,0,240
GRB026,20240626_124337,442,1,291,151,0,0,0,0,0,291
GRB026,20240627_154244,480,1,284,196,0,0,0,0,0,284
GRB026,20240628_102353,496,1,321,175,0,0,0,0,0,321
GRB026,20240702_102138,498,1,281,211,0,6,0,0,0,281
GRB026,20240703_104301,440,1,269,165,0,6,0,0,0,269
GRB026,20240709_115942,514,1,266,247,0,1,0,0,0,266
GRB026,20240710_134604,376,1,251,125,0,0,0,0,0,251
GRB026,20240711_143345,411,1,249,162,0,0,0,0,0,249
GRB026,20240715_110635,406,1,212,194,0,0,0,0,0,212
GRB026,20240716_112144,461,1,289,172,0,0,0,0,57,232
GRB026,20240717_120425,440,1,319,121,0,0,0,0,51,268
GRB026,20240718_121813,432,1,297,135,0,0,0,0,73,224
GRB026,20240722_120451,505,1,181,324,0,0,0,0,21,160
GRB026,20240723_105658,369,1,230,139,0,0,0,0,50,180
GRB026,20240724_113026,401,1,255,146,0,0,0,0,23,232
GRB026,20240725_114348,467,1,239,228,0,0,0,0,33,206
GRB026,20240729_105049,303,1,109,194,0,0,0,0,6,103
GRB026,20240730_112645,728,1,305,423,0,0,0,0,51,254
GRB026,20240731_111652,355,1,237,118,0,0,0,0,30,207
GRB026,20240731_123806,470,1,348,122,0,0,0,0,40,308
GRB026,20240801_112010,463,1,277,186,0,0,0,0,36,241
GRB027,20240415_135527,85,1,43,6,0,36,0,0,0,43
GRB027,20240605_160301,473,1,245,228,0,0,0,0,0,245
GRB027,20240606_161750,597,1,341,255,0,1,0,0,0,341
GRB027,20240607_155710,424,1,269,153,0,2,0,0,0,269
GRB027,20240610_154139,396,1,262,132,0,2,0,0,0,262
GRB027,20240611_155129,449,1,301,147,0,1,0,0,0,301
GRB027,20240613_155217,447,1,283,161,0,3,0,0,0,283
GRB027,20240614_154724,474,1,284,188,0,2,0,0,0,284
GRB027,20240617_145644,561,1,353,206,0,2,0,0,0,353
GRB027,20240620_151235,621,1,432,189,0,0,0,0,0,432
GRB027,20240624_133213,524,1,297,224,0,3,0,0,0,297
GRB027,20240625_115530,678,1,382,296,0,0,0,0,0,382
GRB027,20240626_134917,765,1,509,256,0,0,0,0,0,509
GRB027,20240628_113940,666,1,437,229,0,0,0,0,0,437
GRB027,20240701_125946,401,1,204,195,0,2,0,0,0,204
GRB027,20240701_142645,475,1,362,112,0,1,0,0,0,362
GRB027,20240702_115048,536,1,341,194,0,1,0,0,0,341
GRB027,20240703_121017,713,1,450,263,0,0,0,0,0,450
GRB027,20240709_131925,618,1,313,305,0,0,0,0,0,313
GRB027,20240710_143742,528,1,313,215,0,0,0,0,0,313
GRB027,20240711_152940,646,1,453,193,0,0,0,0,0,453
GRB027,20240715_121033,694,1,374,320,0,0,0,0,0,374
GRB027,20240716_124130,786,1,480,306,0,0,0,0,76,404
GRB027,20240717_132555,922,1,552,370,0,0,0,0,96,456
GRB027,20240718_132415,812,1,566,245,0,1,0,0,91,475
GRB027,20240722_131834,610,1,268,342,0,0,0,0,54,214
GRB027,20240723_115316,850,1,469,381,0,0,0,0,85,384
GRB027,20240724_123139,672,1,441,231,0,0,0,0,44,397
GRB027,20240725_125013,617,1,437,180,0,0,0,0,57,380
GRB027,20240729_114433,494,1,307,186,0,1,0,0,38,269
GRB027,20240730_130600,598,1,370,228,0,0,0,0,35,335
GRB027,20240731_123806,470,1,348,122,0,0,0,0,40,308
GRB027,20240801_123523,509,1,371,138,0,0,0,0,40,331
GRB036,20241119_122755,317,1,209,107,0,1,0,0,0,209
GRB036,20241121_141417,390,1,253,137,0,0,0,0,0,253
GRB036,20241122_120305,337,1,216,121,0,0,0,0,0,216
GRB036,20241202_142219,213,1,72,141,0,0,0,0,0,72
GRB036,20241203_142752,230,1,141,89,0,0,0,0,0,141
GRB036,20241204_151202,342,1,167,171,0,4,0,0,0,167
GRB036,20241205_135603,231,1,136,95,0,0,0,0,0,136
GRB036,20241206_123148,228,1,125,89,0,14,0,0,0,125
GRB036,20241209_113541,238,1,87,148,0,3,0,0,0,87
GRB036,20250130_104954,387,1,186,165,0,36,0,0,0,186
GRB036,20250131_111008,301,1,143,136,0,22,0,0,0,143
GRB036,20250203_131257,351,1,156,150,0,45,0,0,0,156
GRB036,20250204_114957,228,1,80,85,0,63,0,0,0,80
GRB036,20250205_125401,240,1,84,109,0,47,0,0,0,84
GRB036,20250206_115038,140,1,59,63,0,18,0,0,0,59
GRB036,20250212_145856,374,1,223,151,0,0,0,0,0,223
GRB036,20250213_113637,222,1,123,99,0,0,0,0,0,123
GRB036,20250214_104159,206,1,122,81,0,3,0,0,0,122
GRB036,20250217_130634,254,1,139,112,0,3,0,0,0,139
GRB036,20250218_124830,160,1,100,57,0,3,0,0,0,100
GRB036,20250219_115808,245,1,135,85,0,25,0,0,0,135
GRB036,20250220_143403,236,1,147,83,0,6,0,0,0,147
GRB036,20250221_131540,298,1,158,123,0,17,0,0,0,158
GRB036,20250224_104346,192,1,96,94,0,2,0,0,0,96
GRB036,20250225_134757,336,1,187,142,0,7,0,0,0,187
GRB036,20250226_131333,215,1,106,100,0,9,0,0,0,106
GRB036,20250228_130834,304,1,152,122,0,30,0,0,0,152
GRB036,20250305_124020,274,1,143,124,0,7,0,0,0,143
GRB036,20250306_124006,260,1,133,123,0,4,0,0,0,133
GRB036,20250311_134305,454,1,238,215,0,1,0,0,0,238
GRB036,20250313_134255,469,1,264,204,0,1,0,0,0,264
GRB036,20250314_083402,255,1,136,117,0,2,0,0,0,136
GRB036,20250317_134109,397,1,210,187,0,0,0,0,0,210
GRB036,20250324_125821,506,1,301,202,0,3,0,0,0,301
GRB036,20250325_143022,428,1,299,117,0,12,0,0,0,299
GRB036,20250326_113920,405,1,307,93,0,5,0,0,0,307
GRB036,20250328_134700,442,1,223,189,0,30,0,0,0,223
GRB036,20250401_104636,532,1,288,243,0,1,0,0,0,288
GRB036,20250403_123654,433,1,228,205,0,0,0,0,30,198
GRB036,20250404_145955,425,1,209,216,0,0,0,0,24,185
GRB036,20250408_132014,570,1,347,222,0,1,0,0,51,296
GRB036,20250410_143243,489,1,242,247,0,0,0,0,15,227
GRB036,20250411_125405,393,1,180,212,0,1,0,0,21,159
GRB036,20250416_112851,121,1,14,92,0,15,0,0,3,11
GRB036,20250418_114507,386,1,120,261,0,5,0,0,18,102
GRB036,20250422_143221,364,1,195,169,0,0,0,0,21,174
GRB036,20250430_092752,221,1,113,106,0,2,0,0,8,105
GRB036,20250501_101431,226,1,118,105,0,3,0,0,12,106
GRB036,20250502_130740,233,1,93,135,0,5,0,0,4,89
GRB036,20250505_123945,238,1,139,99,0,0,0,0,18,121
GRB036,20250507_140936,420,1,255,164,0,1,0,0,0,255
GRB036,20250508_134255,401,1,227,173,0,1,0,0,0,227
GRB036,20250509_122201,19,1,8,10,0,1,0,0,0,8
GRB036,20250512_111434,493,1,262,224,0,7,0,0,0,262
GRB036,20250513_111401,212,1,146,66,0,0,0,0,0,146
GRB036,20250514_114045,366,1,199,155,0,12,0,0,0,199
GRB036,20250516_095222,325,1,211,114,0,0,0,0,0,211
GRB036,20250521_141519,571,1,292,277,0,2,0,0,0,292
GRB036,20250522_133823,434,1,238,195,0,1,0,0,0,238
GRB036,20250523_131957,400,1,251,149,0,0,0,0,0,251
GRB036,20250526_123002,420,1,188,226,0,6,0,0,0,188
GRB036,20250527_123511,292,1,124,143,0,25,0,0,0,124
GRB036,20250528_121527,302,1,202,98,0,2,0,0,0,202
GRB036,20250530_133823,427,1,287,136,0,4,0,0,0,287
GRB036,20250604_121340,567,1,252,314,0,1,0,0,0,252
GRB036,20250606_130129,416,1,254,161,0,1,0,0,0,254
GRB036,20250609_131824,385,1,158,224,0,3,0,0,0,158
GRB036,20250610_140538,514,1,260,250,0,4,0,0,0,260
GRB036,20250611_125321,319,1,148,130,0,41,0,0,0,148
GRB036,20250621_134427,172,1,98,10,0,64,0,0,0,98
GRB036,20250623_142330,143,1,45,31,0,67,0,0,0,45
GRB036,20250624_142620,97,1,33,26,0,38,0,0,0,33
GRB036,20250716_110654,325,1,231,83,0,11,0,0,0,231
GRB036,20250717_094144,254,1,200,53,0,1,0,0,0,200
GRB036,20250721_115406,339,1,248,91,0,0,0,0,0,248
GRB036,20250723_112659,340,1,190,128,0,22,0,0,0,190
GRB036,20250724_105314,400,1,222,157,0,21,0,0,0,222
GRB036,20250725_113051,501,1,229,270,0,2,0,0,0,229
GRB036,20250726_160336,267,1,89,178,0,0,0,0,0,89
GRB036,20250728_105547,338,1,131,206,0,1,0,0,0,131
GRB036,20250729_141351,120,1,91,9,0,20,0,0,0,91
GRB036,20250730_123732,148,1,83,58,0,7,0,0,0,83
GRB036,20250730_174537,36,1,20,11,0,5,0,0,0,20
GRB036,20250731_131859,163,1,93,58,0,12,0,0,0,93
GRB036,20250801_132418,202,1,114,64,0,24,0,0,0,114
GRB036,20250804_105607,243,1,102,127,0,14,0,0,0,102
GRB036,20250805_122800,333,1,166,165,0,2,0,0,0,166
GRB036,20250806_135551,371,1,131,240,0,0,0,0,0,131
GRB036,20250807_130917,465,1,184,271,0,10,0,0,0,184
GRB036,20250808_143120,340,1,159,168,0,13,0,0,0,159
GRB036,20250812_141430,562,1,233,321,0,8,0,0,0,233
GRB036,20250814_152325,385,1,181,204,0,0,0,0,0,181
GRB036,20250815_140213,715,1,286,422,0,7,0,0,0,286
GRB036,20250818_114100,343,1,199,143,0,1,0,0,0,199
GRB036,20250819_130717,384,1,209,174,0,1,0,0,41,168
GRB036,20250820_105738,292,1,179,113,0,0,0,0,24,155
GRB037,20241105_131330,372,1,230,142,0,0,0,0,0,230
GRB037,20241115_133342,599,1,335,264,0,0,0,0,0,335
GRB037,20241118_140636,564,1,319,245,0,0,0,0,0,319
GRB037,20241119_131006,598,1,335,263,0,0,0,0,0,335
GRB037,20241121_150602,443,1,302,141,0,0,0,0,0,302
GRB037,20241122_130244,387,1,244,143,0,0,0,0,0,244
GRB037,20241202_152523,322,1,165,156,0,1,0,0,0,165
GRB037,20241203_151403,297,1,213,84,0,0,0,0,0,213
GRB037,20241204_162742,368,1,238,129,0,1,0,0,0,238
GRB037,20241205_144624,274,1,169,105,0,0,0,0,0,169
GRB037,20241206_132803,267,1,133,134,0,0,0,0,0,133
GRB037,20250130_133306,361,1,228,128,0,5,0,0,0,228
GRB037,20250131_115943,360,1,183,145,0,32,0,0,0,183
GRB037,20250203_141700,476,1,204,228,0,44,0,0,0,204
GRB037,20250204_134426,330,1,160,151,0,19,0,0,0,160
GRB037,20250205_135318,360,1,247,109,0,4,0,0,0,247
GRB037,20250206_125850,218,1,151,60,0,7,0,0,0,151
GRB037,20250212_155555,579,1,313,232,0,34,0,0,0,313
GRB037,20250213_123950,330,1,228,93,0,9,0,0,0,228
GRB037,20250214_121254,289,1,210,71,0,8,0,0,0,210
GRB037,20250217_140733,353,1,180,166,0,7,0,0,0,180
GRB037,20250218_135110,233,1,143,70,0,20,0,0,0,143
GRB037,20250219_131240,177,1,118,49,0,10,0,0,0,118
GRB037,20250220_153705,307,1,191,111,0,5,0,0,0,191
GRB037,20250221_144029,295,1,155,116,0,24,0,0,0,155
GRB037,20250224_112830,331,1,149,161,0,21,0,0,0,149
GRB037,20250225_150429,415,1,249,143,0,23,0,0,0,249
GRB037,20250226_161138,379,1,210,149,0,20,0,0,0,210
GRB037,20250228_142441,412,1,205,176,0,31,0,0,0,205
GRB037,20250305_133139,442,1,245,197,0,0,0,0,0,245
GRB037,20250306_135019,363,1,224,139,0,0,0,0,0,224
GRB037,20250311_145237,503,1,286,210,0,7,0,0,0,286
GRB037,20250313_144907,589,1,374,214,0,1,0,0,0,374
GRB037,20250314_092622,352,1,224,128,0,0,0,0,0,224
GRB037,20250317_153221,453,1,292,160,0,1,0,0,0,292
GRB037,20250324_141334,468,1,322,142,0,4,0,0,0,322
GRB037,20250325_152715,437,1,324,111,0,2,0,0,0,324
GRB037,20250326_123716,454,1,325,122,0,7,0,0,0,325
GRB037,20250328_145520,431,1,325,102,0,4,0,0,0,325
GRB037,20250401_115049,539,1,372,167,0,0,0,0,0,372
GRB037,20250403_133156,556,1,359,197,0,0,0,0,51,308
GRB037,20250404_155229,620,1,354,264,0,2,0,0,56,298
GRB037,20250408_143253,628,1,403,225,0,0,0,0,48,355
GRB037,20250410_154950,519,1,344,175,0,0,0,0,32,312
GRB037,20250411_140954,553,1,372,181,0,0,0,0,49,323
GRB037,20250418_131902,573,1,338,228,0,7,0,0,57,281
GRB037,20250422_154031,514,1,367,145,0,2,0,0,45,322
GRB037,20250429_141442,416,1,276,139,0,1,0,0,31,245
GRB037,20250430_104541,471,1,325,145,0,1,0,0,29,296
GRB037,20250501_112016,494,1,335,153,0,6,0,0,43,292
GRB037,20250502_142138,363,1,244,116,0,3,0,0,25,219
GRB037,20250505_134346,469,1,229,238,0,2,0,0,25,204
GRB037,20250507_155325,449,1,305,142,0,2,0,0,0,305
GRB037,20250508_150012,416,1,289,127,0,0,0,0,0,289
GRB037,20250509_132005,423,1,310,106,0,7,0,0,0,310
GRB037,20250512_125351,577,1,317,238,0,22,0,0,0,317
GRB037,20250513_115249,464,1,287,171,0,6,0,0,0,287
GRB037,20250514_124222,479,1,315,153,0,11,0,0,0,315
GRB037,20250516_103232,388,1,248,140,0,0,0,0,0,248
GRB037,20250521_152246,607,1,350,248,0,9,0,0,0,350
GRB037,20250522_143402,558,1,373,185,0,0,0,0,0,373
GRB037,20250523_141549,702,1,440,262,0,0,0,0,0,440
GRB037,20250527_135315,635,1,431,201,0,3,0,0,0,431
GRB037,20250528_130905,406,1,287,119,0,0,0,0,0,287
GRB037,20250530_144629,692,1,444,244,0,4,0,0,0,444
GRB037,20250604_134452,503,1,290,210,0,3,0,0,0,290
GRB037,20250606_141354,507,1,312,194,0,1,0,0,0,312
GRB037,20250609_144947,465,1,282,183,0,0,0,0,0,282
GRB037,20250610_154531,595,1,292,303,0,0,0,0,0,292
GRB037,20250611_140923,528,1,280,248,0,0,0,0,39,241
GRB037,20250623_141824,134,1,36,95,0,3,0,0,7,29
GRB037,20250714_132800,261,1,163,98,0,0,0,0,0,163
GRB037,20250716_110833,387,1,228,139,0,20,0,0,35,193
GRB037,20250717_094716,284,1,207,77,0,0,0,0,30,177
GRB037,20250718_082856,315,1,206,109,0,0,0,0,30,176
GRB037,20250721_120034,338,1,171,167,0,0,0,0,24,147
GRB037,20250723_112416,304,1,165,139,0,0,0,0,17,148
GRB037,20250724_105531,177,1,78,97,0,2,0,0,0,78
GRB037,20250725_113102,459,1,261,198,0,0,0,0,0,261
GRB037,20250728_105847,280,1,88,192,0,0,0,0,0,88
GRB037,20250729_135228,227,1,83,144,0,0,0,0,0,83
GRB037,20250730_125122,441,1,240,171,0,30,0,0,0,240
GRB037,20250731_113549,391,1,176,215,0,0,0,0,0,176
GRB037,20250801_121632,373,1,152,221,0,0,0,0,0,152
GRB037,20250804_105436,375,1,147,228,0,0,0,0,0,147
GRB037,20250805_111648,360,1,150,210,0,0,0,0,0,150
GRB037,20250806_135716,339,1,142,197,0,0,0,0,0,142
GRB037,20250807_131031,406,1,145,261,0,0,0,0,0,145
GRB037,20250808_141613,423,1,205,218,0,0,0,0,0,205
GRB037,20250812_141829,460,1,181,279,0,0,0,0,0,181
GRB037,20250813_161229,351,1,162,189,0,0,0,0,0,162
GRB037,20250814_152211,239,1,110,129,0,0,0,0,0,110
GRB037,20250815_140048,335,1,124,209,0,2,0,0,0,124
GRB037,20250818_113520,195,1,78,117,0,0,0,0,0,78
GRB037,20250819_130421,231,1,86,145,0,0,0,0,0,86
GRB038,20241119_154318,538,1,285,249,0,4,0,0,0,285
GRB038,20241121_160323,567,1,271,295,0,1,0,0,0,271
GRB038,20241122_140248,409,1,195,214,0,0,0,0,0,195
GRB038,20241205_153538,290,1,151,138,0,1,0,0,0,151
GRB038,20241206_143228,290,1,153,134,0,3,0,0,0,153
GRB038,20250130_143537,469,1,243,226,0,0,0,0,0,243
GRB038,20250131_132432,566,1,278,288,0,0,0,0,0,278
GRB038,20250203_155949,463,1,218,245,0,0,0,0,0,218
GRB038,20250204_150323,335,1,145,190,0,0,0,0,0,145
GRB038,20250205_145534,534,1,271,263,0,0,0,0,0,271
GRB038,20250206_135208,489,1,326,163,0,0,0,0,0,326
GRB038,20250213_140718,392,1,232,159,0,1,0,0,0,232
GRB038,20250214_130518,378,1,258,118,0,2,0,0,0,258
GRB038,20250217_153804,432,1,263,166,0,3,0,0,0,263
GRB038,20250219_141845,430,1,227,172,0,31,0,0,0,227
GRB038,20250220_163554,221,1,108,113,0,0,0,0,0,108
GRB038,20250221_155441,333,1,189,134,0,10,0,0,0,189
GRB038,20250224_130708,452,1,219,230,0,3,0,0,0,219
GRB038,20250225_162907,421,1,218,193,0,10,0,0,0,218
GRB038,20250228_155615,676,1,363,299,0,14,0,0,0,363
GRB038,20250305_144114,508,1,265,234,0,9,0,0,0,265
GRB038,20250306_144410,283,1,137,143,0,3,0,0,0,137
GRB038,20250314_101536,344,1,190,154,0,0,0,0,0,190
GRB038,20250324_152728,491,1,333,158,0,0,0,0,0,333
GRB038,20250325_162256,450,1,313,137,0,0,0,0,0,313
GRB038,20250326_135012,390,1,245,143,0,2,0,0,0,245
GRB038,20250328_154448,547,1,372,175,0,0,0,0,0,372
GRB038,20250401_124106,667,1,389,271,0,7,0,0,0,389
GRB038,20250403_142353,637,1,450,182,0,5,0,0,59,391
GRB038,20250408_153238,547,1,372,169,0,6,0,0,45,327
GRB038,20250410_163555,623,1,394,213,0,16,0,0,45,349
GRB038,20250411_150317,591,1,462,128,0,1,0,0,51,411
GRB038,20250418_153029,337,1,216,121,0,0,0,0,34,182
GRB038,20250429_151701,379,1,276,101,0,2,0,0,25,251
GRB038,20250430_130031,456,1,299,154,0,3,0,0,29,270
GRB038,20250501_125747,417,1,223,191,0,3,0,0,20,203
GRB038,20250502_152945,282,1,166,114,0,2,0,0,16,150
GRB038,20250507_165308,512,1,227,251,0,34,0,0,0,227
GRB038,20250508_160931,502,1,313,185,0,4,0,0,0,313
GRB038,20250509_142105,659,1,399,240,0,20,0,0,0,399
GRB038,20250512_141651,500,1,312,177,0,11,0,0,0,312
GRB038,20250513_132026,545,1,258,250,0,37,0,0,0,258
GRB038,20250514_134030,679,1,379,253,0,47,0,0,0,379
GRB038,20250516_111659,449,1,292,157,0,0,0,0,0,292
GRB038,20250521_165138,748,1,532,216,0,0,0,0,0,532
GRB038,20250522_153205,617,1,429,188,0,0,0,0,0,429
GRB038,20250523_153122,602,1,433,169,0,0,0,0,0,433
GRB038,20250526_154036,560,1,355,202,0,3,0,0,0,355
GRB038,20250527_150912,488,1,323,164,0,1,0,0,0,323
GRB038,20250606_152515,434,1,263,170,0,1,0,0,0,263
GRB038,20250609_160522,211,1,116,93,0,2,0,0,0,116
GRB038,20250611_151439,537,1,333,203,0,1,0,0,0,333
GRB038,20250714_141847,360,1,204,154,0,2,0,0,0,204
GRB038,20250715_133006,415,1,242,172,0,1,0,0,0,242
GRB038,20250716_133946,346,1,229,117,0,0,0,0,30,199
GRB038,20250717_104533,437,1,242,195,0,0,0,0,43,199
GRB038,20250718_091102,347,1,195,152,0,0,0,0,31,164
GRB038,20250721_131438,436,1,226,210,0,0,0,0,36,190
GRB038,20250723_124120,470,1,337,133,0,0,0,0,40,297
GRB038,20250724_114728,474,1,283,191,0,0,0,0,0,283
GRB038,20250725_123111,546,1,303,242,0,1,0,0,0,303
GRB038,20250728_130604,218,1,63,155,0,0,0,0,0,63
GRB038,20250729_144201,434,1,232,201,0,1,0,0,0,232
GRB038,20250730_145732,459,1,230,229,0,0,0,0,0,230
GRB038,20250731_124510,432,1,260,172,0,0,0,0,0,260
GRB038,20250801_132247,421,1,159,262,0,0,0,0,0,159
GRB038,20250804_114821,265,1,58,207,0,0,0,0,0,58
GRB038,20250805_122637,490,1,238,252,0,0,0,0,0,238
GRB038,20250806_144717,600,1,252,347,0,1,0,0,0,252
GRB038,20250807_143548,630,1,185,444,0,1,0,0,0,185
GRB038,20250808_153749,552,1,315,235,0,2,0,0,0,315
GRB038,20250812_154755,345,1,97,248,0,0,0,0,0,97
GRB038,20250813_170447,441,1,155,286,0,0,0,0,22,133
GRB038,20250814_162104,358,1,144,213,0,1,0,0,18,126
GRB038,20250818_123049,392,1,154,238,0,0,0,0,24,130
GRB038,20250819_140536,571,1,243,328,0,0,0,0,35,208
GRB038,20250820_105624,391,1,169,222,0,0,0,0,30,139
GRB038,20250822_151057,459,1,215,244,0,0,0,0,28,187
GRB038,20250827_124249,342,1,91,251,0,0,0,0,10,81
GRB038,20250829_110143,450,1,208,242,0,0,0,0,25,183
GRB039,20241122_150231,586,1,313,251,0,22,0,0,0,313
GRB039,20241205_162739,311,1,155,154,0,2,0,0,0,155
GRB039,20241206_153926,328,1,136,180,0,12,0,0,0,136
GRB039,20250130_152855,418,1,185,224,0,9,0,0,0,185
GRB039,20250131_142459,626,1,214,391,0,21,0,0,0,214
GRB039,20250203_170516,286,1,123,162,0,1,0,0,0,123
GRB039,20250204_160834,422,1,195,225,0,2,0,0,0,195
GRB039,20250205_155728,607,1,263,328,0,16,0,0,0,263
GRB039,20250206_145125,331,1,149,175,0,7,0,0,0,149
GRB039,20250213_150425,438,1,204,213,0,21,0,0,0,204
GRB039,20250214_140132,360,1,168,187,0,5,0,0,0,168
GRB039,20250220_172739,322,1,159,159,0,4,0,0,0,159
GRB039,20250221_170200,479,1,197,272,0,10,0,0,0,197
GRB039,20250224_142228,429,1,171,241,0,17,0,0,0,171
GRB039,20250225_175048,456,1,211,245,0,0,0,0,0,211
GRB039,20250305_155947,204,1,107,97,0,0,0,0,0,107
GRB039,20250306_153144,553,1,348,205,0,0,0,0,0,348
GRB039,20250314_105759,456,1,327,128,0,1,0,0,0,327
GRB039,20250324_163810,672,1,429,182,0,61,0,0,0,429
GRB039,20250325_171847,515,1,353,161,0,1,0,0,0,353
GRB039,20250326_151024,396,1,244,149,0,3,0,0,0,244
GRB039,20250328_164146,463,1,283,179,0,1,0,0,0,283
GRB039,20250401_143850,574,1,245,329,0,0,0,0,0,245
GRB039,20250403_154136,704,1,415,289,0,0,0,0,66,349
GRB039,20250408_164003,616,1,412,203,0,1,0,0,59,353
GRB039,20250411_161321,547,1,404,141,0,2,0,0,46,358
GRB039,20250418_163531,352,1,212,140,0,0,0,0,27,185
GRB039,20250429_162047,156,1,70,81,0,5,0,0,9,61
GRB039,20250430_140300,225,1,112,100,0,13,0,0,10,102
GRB039,20250501_135540,199,1,100,96,0,3,0,0,17,83
GRB039,20250508_172240,462,1,249,202,0,11,0,0,0,249
GRB039,20250509_154412,510,1,302,202,0,6,0,0,0,302
GRB039,20250512_152845,477,1,231,219,0,27,0,0,0,231
GRB039,20250514_152334,532,1,357,172,0,3,0,0,0,357
GRB039,20250516_122031,344,1,239,105,0,0,0,0,0,239
GRB039,20250522_164402,276,1,123,152,0,1,0,0,0,123
GRB039,20250523_162513,392,1,256,136,0,0,0,0,0,256
GRB039,20250527_160338,411,1,246,156,0,9,0,0,0,246
GRB039,20250528_164311,344,1,255,89,0,0,0,0,0,255
GRB039,20250606_163442,339,1,220,114,0,5,0,0,0,220
GRB039,20250609_170023,151,1,56,91,0,4,0,0,0,56
GRB039,20250611_162910,380,1,249,130,0,1,0,0,0,249
GRB039,20250714_150201,317,1,194,112,0,11,0,0,0,194
GRB039,20250715_141929,296,1,216,77,0,3,0,0,0,216
GRB039,20250716_141201,241,1,188,50,0,3,0,0,21,167
GRB039,20250717_113204,330,1,235,85,0,10,0,0,31,204
GRB039,20250718_095202,334,1,290,43,0,1,0,0,26,264
GRB040,20241119_123001,306,1,206,93,0,7,0,0,0,206
GRB040,20241121_141632,377,1,212,164,0,1,0,0,0,212
GRB040,20241122_120505,298,1,138,160,0,0,0,0,0,138
GRB040,20241202_140737,398,1,124,274,0,0,0,0,0,124
GRB040,20241203_142938,317,1,140,177,0,0,0,0,0,140
GRB040,20241204_143212,322,1,140,178,0,4,0,0,0,140
GRB040,20241205_135051,313,1,130,181,0,2,0,0,0,130
GRB040,20241206_123335,252,1,124,124,0,4,0,0,0,124
GRB040,20241209_114050,356,1,104,242,0,10,0,0,0,104
GRB040,20250107_160346,267,1,86,166,0,15,0,0,0,86
GRB040,20250130_105254,384,1,145,231,0,8,0,0,0,145
GRB040,20250131_110816,218,1,92,124,0,2,0,0,0,92
GRB040,20250203_131503,372,1,166,196,0,10,0,0,0,166
GRB040,20250204_115403,273,1,125,141,0,7,0,0,0,125
GRB040,20250205_125633,199,1,73,106,0,20,0,0,0,73
GRB040,20250206_115429,312,1,113,192,0,7,0,0,0,113
GRB040,20250212_150105,538,1,183,355,0,0,0,0,0,183
GRB040,20250213_114055,260,1,105,148,0,7,0,0,0,105
GRB040,20250214_104532,360,1,146,189,0,25,0,0,0,146
GRB041,20241119_131314,580,1,244,302,0,34,0,0,0,244
GRB041,20241121_150749,480,1,221,259,0,0,0,0,0,221
GRB041,20241122_130504,441,1,162,279,0,0,0,0,0,162
GRB041,20241202_145622,721,1,173,545,0,3,0,0,0,173
GRB041,20241203_151611,425,1,208,217,0,0,0,0,0,208
GRB041,20241204_153204,430,1,164,266,0,0,0,0,0,164
GRB041,20241205_144812,290,1,149,140,0,1,0,0,0,149
GRB041,20241206_132921,373,1,164,209,0,0,0,0,0,164
GRB041,20250130_133445,505,1,172,333,0,0,0,0,0,172
GRB041,20250131_120125,549,1,233,315,0,1,0,0,0,233
GRB041,20250203_141529,705,1,272,431,0,2,0,0,0,272
GRB041,20250204_134540,554,1,259,294,0,1,0,0,0,259
GRB041,20250205_135735,477,1,282,195,0,0,0,0,0,282
GRB041,20250206_130117,440,1,274,166,0,0,0,0,0,274
GRB041,20250212_155914,662,1,241,384,0,37,0,0,0,241
GRB041,20250213_124222,501,1,199,273,0,29,0,0,0,199
GRB041,20250214_121424,342,1,161,179,0,2,0,0,0,161
GRB041,20250217_141005,490,1,237,249,0,4,0,0,0,237
GRB041,20250218_125136,228,1,98,123,0,7,0,0,0,98
GRB041,20250219_142229,254,1,72,179,0,3,0,0,0,72
GRB041,20250220_160008,222,1,59,163,0,0,0,0,0,59
GRB041,20250221_130959,273,1,160,101,0,12,0,0,0,160
GRB041,20250224_142623,386,1,184,201,0,1,0,0,0,184
GRB041,20250225_175249,344,1,139,205,0,0,0,0,0,139
GRB041,20250226_131626,239,1,114,111,0,14,0,0,0,114
GRB041,20250228_155828,430,1,181,229,0,20,0,0,0,181
GRB041,20250305_160126,228,1,103,125,0,0,0,0,0,103
GRB041,20250306_144652,359,1,189,167,0,3,0,0,0,189
GRB041,20250311_134554,502,1,220,279,0,3,0,0,0,220
GRB041,20250313_134540,490,1,254,235,0,1,0,0,0,254
GRB041,20250314_084045,313,1,192,119,0,2,0,0,0,192
GRB041,20250317_153502,505,1,292,213,0,0,0,0,0,292
GRB041,20250324_164036,741,1,348,387,0,6,0,0,0,348
GRB041,20250325_172505,363,1,246,117,0,0,0,0,0,246
GRB041,20250326_153031,214,1,157,57,0,0,0,0,0,157
GRB041,20250328_134921,386,1,215,168,0,3,0,0,0,215
GRB041,20250401_124254,597,1,271,309,0,17,0,0,0,271
GRB041,20250403_154420,492,1,204,288,0,0,0,0,32,172
GRB041,20250404_145712,367,1,198,169,0,0,0,0,32,166
GRB041,20250408_132312,621,1,314,306,0,1,0,0,57,257
GRB041,20250410_143538,563,1,265,298,0,0,0,0,15,250
GRB041,20250411_125638,500,1,279,220,0,1,0,0,36,243
GRB041,20250418_120001,388,1,122,265,0,1,0,0,13,109
GRB041,20250429_123639,252,1,90,161,0,1,0,0,10,80
GRB041,20250430_092958,330,1,156,172,0,2,0,0,19,137
GRB041,20250501_101619,401,1,234,167,0,0,0,0,41,193
GRB041,20250502_131100,277,1,139,129,0,9,0,0,24,115
GRB041,20250505_124131,263,1,105,151,0,7,0,0,8,97
GRB041,20250506_142432,565,1,327,231,0,7,0,0,41,286
GRB041,20250507_141111,504,1,226,235,0,43,0,0,0,226
GRB041,20250508_133842,431,1,177,206,0,48,0,0,0,177
GRB041,20250509_121944,336,1,149,153,0,34,0,0,0,149
GRB041,20250512_111621,351,1,94,170,0,87,0,0,0,94
GRB042,20241119_154512,486,1,258,210,0,18,0,0,0,258
GRB042,20241121_160624,422,1,189,229,0,4,0,0,0,189
GRB042,20241122_140006,311,1,117,194,0,0,0,0,0,117
GRB042,20241203_160949,372,1,131,241,0,0,0,0,0,131
GRB042,20241204_163239,447,1,177,269,0,1,0,0,0,177
GRB042,20241205_153802,302,1,134,168,0,0,0,0,0,134
GRB042,20241206_143452,411,1,176,234,0,1,0,0,0,176
GRB042,20250130_145024,250,1,94,143,0,13,0,0,0,94
GRB042,20250131_132247,249,1,88,146,0,15,0,0,0,88
GRB042,20250203_160208,362,1,139,209,0,14,0,0,0,139
GRB042,20250204_150536,401,1,176,208,0,17,0,0,0,176
GRB042,20250205_145917,410,1,190,212,0,8,0,0,0,190
GRB042,20250206_135445,424,1,171,238,0,15,0,0,0,171
GRB042,20250213_140859,474,1,155,318,0,1,0,0,0,155
GRB042,20250214_130737,374,1,183,188,0,3,0,0,0,183
GRB045,20250509_131637,337,1,215,110,0,12,0,0,0,215
GRB045,20250512_125234,569,1,334,219,0,16,0,0,0,334
GRB045,20250513_110906,250,1,190,53,0,7,0,0,0,190
GRB045,20250514_114239,266,1,142,113,0,11,0,0,0,142
GRB045,20250516_095922,345,1,189,154,0,2,0,0,0,189
GRB045,20250521_141903,552,1,331,216,0,5,0,0,0,331
GRB045,20250522_135609,382,1,181,201,0,0,0,0,0,181
GRB045,20250523_132151,502,1,231,270,0,1,0,0,0,231
GRB045,20250526_123145,620,1,268,349,0,3,0,0,0,268
GRB045,20250527_123657,455,1,235,215,0,5,0,0,0,235
GRB045,20250528_121638,282,1,177,102,0,3,0,0,0,177
GRB045,20250530_134131,516,1,216,300,0,0,0,0,0,216
GRB045,20250604_121506,458,1,235,210,0,13,0,0,0,235
GRB045,20250606_130321,365,1,181,176,0,8,0,0,0,181
GRB045,20250609_131956,516,1,264,242,0,10,0,0,0,264
GRB045,20250611_125530,410,1,228,176,0,6,0,0,0,228
GRB045,20250714_141620,464,1,193,271,0,0,0,0,0,193
GRB045,20250716_134140,516,1,298,218,0,0,0,0,47,251
GRB045,20250717_104354,435,1,292,143,0,0,0,0,41,251
GRB045,20250718_090729,391,1,235,156,0,0,0,0,34,201
GRB045,20250721_131208,544,1,308,236,0,0,0,0,38,270
GRB045,20250723_124342,456,1,278,178,0,0,0,0,42,236
GRB045,20250724_114617,614,1,390,224,0,0,0,0,1,389
GRB045,20250725_123055,597,1,358,238,0,1,0,0,0,358
GRB045,20250728_124106,569,1,290,279,0,0,0,0,0,290
GRB045,20250729_150803,512,1,283,228,0,1,0,0,0,283
GRB045,20250730_133601,612,1,321,291,0,0,0,0,0,321
GRB045,20250731_113413,401,1,253,148,0,0,0,0,0,253
GRB045,20250801_121751,522,1,264,258,0,0,0,0,0,264
GRB045,20250804_114919,665,1,321,343,0,1,0,0,0,321
GRB045,20250814_161903,496,1,425,68,0,3,0,0,54,371
GRB045,20250818_123219,508,1,323,176,0,9,0,0,45,278
GRB045,20250819_140418,834,1,433,398,0,3,0,0,63,370
GRB045,20250820_121335,972,1,672,300,0,0,0,0,110,562
GRB046,20250509_141929,255,1,166,53,0,36,0,0,0,166
GRB046,20250512_141831,347,1,225,104,0,18,0,0,0,225
GRB046,20250513_115405,304,1,208,85,0,11,0,0,0,208
GRB046,20250514_124345,434,1,228,206,0,0,0,0,0,228
GRB046,20250516_103821,394,1,226,168,0,0,0,0,0,226
GRB046,20250521_152524,580,1,286,294,0,0,0,0,0,286
GRB046,20250522_143602,459,1,224,235,0,0,0,0,0,224
GRB046,20250523_141730,540,1,272,266,0,2,0,0,0,272
GRB046,20250526_142033,561,1,270,287,0,4,0,0,0,270
GRB046,20250527_135507,554,1,252,295,0,7,0,0,0,252
GRB046,20250528_131011,481,1,264,216,0,1,0,0,0,264
GRB046,20250530_144750,399,1,214,173,0,12,0,0,0,214
GRB046,20250604_134618,385,1,208,163,0,14,0,0,0,208
GRB046,20250606_152639,489,1,273,216,0,0,0,0,0,273
GRB046,20250609_145051,641,1,382,259,0,0,0,0,0,382
GRB046,20250611_141049,496,1,285,211,0,0,0,0,44,241
GRB046,20250714_150427,553,1,387,164,0,2,0,0,0,387
GRB046,20250715_140643,557,1,395,156,0,6,0,0,0,395
GRB046,20250716_142906,464,1,257,207,0,0,0,0,37,220
GRB046,20250717_112917,747,1,372,373,0,2,0,0,62,310
GRB046,20250718_095325,406,1,236,170,0,0,0,0,33,203
GRB046,20250721_141534,548,1,331,217,0,0,0,0,36,295
GRB046,20250723_133120,503,1,356,147,0,0,0,0,59,297
GRB046,20250724_135112,709,1,337,372,0,0,0,0,1,336
GRB046,20250725_135332,364,1,159,205,0,0,0,0,0,159
GRB046,20250729_162307,751,1,331,419,0,1,0,0,0,331
GRB046,20250730_145519,477,1,290,185,0,2,0,0,0,290
GRB046,20250731_140417,750,1,329,421,0,0,0,0,0,329
GRB046,20250801_141129,681,1,336,345,0,0,0,0,0,336
GRB046,20250804_125655,657,1,254,403,0,0,0,0,0,254
GRB046,20250805_111800,623,1,288,335,0,0,0,0,0,288
GRB046,20250806_144606,749,1,360,389,0,0,0,0,0,360
GRB046,20250807_143620,777,1,351,420,0,6,0,0,0,351
GRB046,20250808_153848,564,1,318,246,0,0,0,0,0,318
GRB046,20250812_154632,747,1,329,418,0,0,0,0,0,329
GRB046,20250813_161531,479,1,221,258,0,0,0,0,0,221
GRB046,20250814_171737,356,1,262,94,0,0,0,0,0,262
GRB046,20250818_152617,929,1,437,491,0,1,0,0,0,437
GRB046,20250819_155743,936,1,566,369,0,1,0,0,65,501
GRB046,20250820_135757,832,1,501,328,0,3,0,0,60,441
GRB046,20250827_124614,726,1,341,385,0,0,0,0,43,298
GRB046,20250829_114154,685,1,356,329,0,0,0,0,40,316
GRB046,20250903_134920,1110,1,482,628,0,0,0,0,61,421
GRB046,20250904_160740,904,1,397,507,0,0,0,0,55,342
GRB047,20250509_154153,205,1,136,37,0,32,0,0,0,136
GRB047,20250512_153019,269,1,169,89,0,11,0,0,0,169
GRB047,20250513_132234,325,1,204,107,0,14,0,0,0,204
GRB047,20250514_134211,377,1,271,93,0,13,0,0,0,271
GRB047,20250521_165306,417,1,196,219,0,2,0,0,0,196
GRB047,20250522_153351,403,1,218,183,0,2,0,0,0,218
GRB047,20250523_153233,421,1,293,121,0,7,0,0,0,293
GRB047,20250527_151030,428,1,239,184,0,5,0,0,0,239
GRB047,20250528_154154,521,1,259,260,0,2,0,0,0,259
GRB047,20250606_163615,505,1,295,187,0,23,0,0,0,295
GRB047,20250609_160645,468,1,233,229,0,6,0,0,0,233
GRB047,20250611_151544,444,1,174,268,0,2,0,0,0,174
GRB047,20250714_155937,237,1,106,125,0,6,0,0,0,106
GRB047,20250715_145320,430,1,200,230,0,0,0,0,0,200
GRB047,20250716_152330,380,1,212,168,0,0,0,0,0,212
GRB047,20250717_123653,587,1,320,261,0,6,0,0,36,284
GRB047,20250718_102658,348,1,148,200,0,0,0,0,20,128
GRB047,20250721_150834,473,1,189,273,0,11,0,0,15,174
GRB047,20250723_144539,244,1,88,156,0,0,0,0,12,76
GRB047,20250724_145909,355,1,174,176,0,5,0,0,0,174
GRB047,20250725_145819,411,1,134,274,0,3,0,0,0,134
GRB050,20260217_120905,333,1,163,162,0,8,0,0,0,163
GRB050,20260218_142731,412,1,222,190,0,0,0,0,0,222
GRB050,20260219_111208,405,1,193,212,0,0,0,0,0,193
GRB050,20260220_152853,216,1,120,96,0,0,0,0,0,120
GRB050,20260223_123432,286,1,154,117,0,15,0,0,0,154
GRB050,20260224_093157,259,1,173,75,0,11,0,0,0,173
GRB050,20260225_123324,252,1,143,109,0,0,0,0,0,143
GRB050,20260226_091939,383,1,186,196,0,1,0,0,0,186
GRB050,20260227_102617,369,1,196,173,0,0,0,0,0,196
GRB050,20260302_123729,346,1,209,135,0,2,0,0,0,209
GRB050,20260303_092614,291,1,205,85,0,1,0,0,0,205
GRB050,20260304_105020,343,1,160,183,0,0,0,0,0,160
GRB050,20260305_091940,365,1,170,194,0,1,0,0,0,170
GRB050,20260306_103758,395,1,180,215,0,0,0,0,0,180
GRB050,20260309_112458,398,1,212,185,0,1,0,0,0,212
GRB050,20260310_121004,361,1,150,207,0,4,0,0,0,150
GRB050,20260311_104415,325,1,122,203,0,0,0,0,0,122
GRB050,20260312_124657,399,1,174,224,0,1,0,0,0,174
GRB050,20260313_112909,302,1,142,160,0,0,0,0,0,142
GRB050,20260316_095513,406,1,177,229,0,0,0,0,0,177
GRB050,20260317_085640,368,1,184,184,0,0,0,0,0,184
GRB050,20260318_110814,314,1,124,189,0,1,0,0,0,124
GRB050,20260319_130735,273,1,116,157,0,0,0,0,0,116
GRB050,20260320_120838,265,1,135,130,0,0,0,0,0,135
GRB050,20260323_154545,302,1,131,171,0,0,0,0,0,131
GRB050,20260324_110324,302,1,175,127,0,0,0,0,0,175
GRB050,20260325_112412,225,1,146,79,0,0,0,0,0,146
GRB050,20260326_135820,207,1,112,95,0,0,0,0,0,112
GRB050,20260327_111552,176,1,93,83,0,0,0,0,0,93
GRB050,20260401_085123,262,1,129,133,0,0,0,0,0,129
GRB050,20260406_143047,246,1,95,150,0,1,0,0,0,95
GRB050,20260407_083348,262,1,128,134,0,0,0,0,0,128
GRB050,20260408_083802,231,1,144,87,0,0,0,0,0,144
GRB050,20260408_144850,387,1,244,143,0,0,0,0,0,244
GRB050,20260409_084944,201,1,159,42,0,0,0,0,0,159
GRB050,20260410_120415,82,1,32,49,0,1,0,0,0,32
GRB050,20260413_125428,153,1,78,74,0,1,0,0,0,78
GRB050,20260414_084423,184,1,115,69,0,0,0,0,0,115
GRB050,20260417_132808,185,1,121,64,0,0,0,0,21,100
GRB050,20260420_121333,152,1,90,62,0,0,0,0,18,72
GRB050,20260420_141233,163,1,102,61,0,0,0,0,21,81
GRB050,20260421_122334,242,1,150,92,0,0,0,0,26,124
GRB050,20260422_103323,142,1,84,58,0,0,0,0,13,71
GRB050,20260422_132411,85,1,50,35,0,0,0,0,12,38
GRB050,20260423_131801,119,1,80,38,0,1,0,0,10,70
GRB050,20260423_161825,143,1,83,59,0,1,0,0,15,68
GRB050,20260424_143047,155,1,65,90,0,0,0,0,11,54
GRB050,20260427_143306,221,1,85,136,0,0,0,0,9,76
GRB050,20260428_163751,462,1,239,223,0,0,0,0,41,198
GRB050,20260429_135537,241,1,128,113,0,0,0,0,21,107
GRB050,20260430_132609,86,1,24,56,0,6,0,0,8,16
GRB050,20260501_130654,101,1,48,50,0,3,0,0,6,42
GRB050,20260504_125410,160,1,94,66,0,0,0,0,13,81
GRB050,20260505_125759,248,1,123,125,0,0,0,0,1,122
GRB050,20260512_121442,223,1,144,79,0,0,0,0,0,144
GRB050,20260513_143846,275,1,155,120,0,0,0,0,0,155
GRB050,20260514_132404,242,1,143,99,0,0,0,0,0,143
GRB050,20260515_131055,215,1,133,82,0,0,0,0,0,133
GRB050,20260518_105106,323,1,190,133,0,0,0,0,0,190
GRB050,20260519_153827,369,1,196,172,0,1,0,0,0,196
GRB050,20260520_131534,242,1,138,104,0,0,0,0,0,138
GRB050,20260521_124118,248,1,165,83,0,0,0,0,0,165
GRB050,20260522_103117,218,1,148,70,0,0,0,0,0,148
GRB050,20260526_124004,223,1,129,93,0,1,0,0,0,129
GRB050,20260527_113651,166,1,90,76,0,0,0,0,0,90
GRB050,20260528_104646,241,1,137,104,0,0,0,0,0,137
GRB050,20260529_112557,210,1,120,90,0,0,0,0,0,120
GRB050,20260601_121058,206,1,117,89,0,0,0,0,0,117
GRB050,20260602_105646,317,1,185,132,0,0,0,0,0,185
GRB050,20260603_134622,381,1,180,201,0,0,0,0,0,180
GRB050,20260604_123728,205,1,109,96,0,0,0,0,0,109
GRB050,20260605_120018,227,1,128,99,0,0,0,0,0,128
GRB050,20260608_124356,297,1,163,134,0,0,0,0,0,163
GRB050,20260609_130833,306,1,195,111,0,0,0,0,0,195
GRB050,20260610_105629,342,1,208,134,0,0,0,0,27,181
GRB050,20260612_112233,275,1,154,121,0,0,0,0,17,137
GRB050,20260615_113537,288,1,158,130,0,0,0,0,23,135
GRB050,20260616_121223,215,1,116,99,0,0,0,0,21,95
GRB050,20260702_130314,307,1,138,169,0,0,0,0,0,138
GRB050,20260713_140325,229,1,104,125,0,0,0,0,0,104
GRB050,20260714_145143,234,1,127,107,0,0,0,0,0,127
GRB050,20260716_141912,231,1,128,103,0,0,0,0,0,128
GRB050,20260717_141537,249,1,148,101,0,0,0,0,12,136
GRB050,20260718_144451,188,1,103,85,0,0,0,0,15,88
GRB050,20260720_145704,155,1,72,83,0,0,0,0,15,57
GRB050,20260723_164235,241,1,122,118,0,1,0,0,16,106
GRB050,20260724_164414,324,1,200,122,0,2,0,0,23,177
GRB050,20260728_154203,338,1,197,139,0,2,0,0,27,170
GRB051,20260217_131501,255,1,121,131,0,3,0,0,0,121
GRB051,20260218_152536,390,1,152,226,0,12,0,0,0,152
GRB051,20260219_120520,240,1,146,89,0,5,0,0,0,146
GRB051,20260220_160300,276,1,169,101,0,6,0,0,0,169
GRB051,20260223_140707,202,1,122,79,0,1,0,0,0,122
GRB051,20260224_104149,268,1,169,96,0,3,0,0,0,169
GRB051,20260225_131327,294,1,162,132,0,0,0,0,0,162
GRB051,20260226_103021,281,1,144,137,0,0,0,0,0,144
GRB051,20260227_112853,238,1,117,121,0,0,0,0,0,117
GRB051,20260302_132727,161,1,82,78,0,1,0,0,0,82
GRB051,20260303_102015,324,1,232,91,0,1,0,0,0,232
GRB051,20260304_115812,259,1,111,146,0,2,0,0,0,111
GRB051,20260305_101536,231,1,113,118,0,0,0,0,0,113
GRB051,20260306_112623,250,1,111,139,0,0,0,0,0,111
GRB051,20260309_122839,302,1,109,193,0,0,0,0,0,109
GRB051,20260313_122500,283,1,128,155,0,0,0,0,0,128
GRB051,20260316_105941,377,1,149,228,0,0,0,0,0,149
GRB051,20260317_094255,329,1,147,182,0,0,0,0,0,147
GRB051,20260318_122139,276,1,122,154,0,0,0,0,0,122
GRB051,20260319_141234,284,1,130,154,0,0,0,0,0,130
GRB051,20260320_133522,250,1,112,138,0,0,0,0,0,112
GRB051,20260324_122513,302,1,142,160,0,0,0,0,0,142
GRB051,20260325_130259,199,1,111,85,0,3,0,0,0,111
GRB051,20260326_151110,246,1,107,137,0,2,0,0,0,107
GRB051,20260327_122714,183,1,91,91,0,1,0,0,0,91
GRB051,20260401_095035,192,1,78,113,0,1,0,0,0,78
GRB051,20260402_102537,214,1,131,83,0,0,0,0,0,131
GRB051,20260406_155415,225,1,155,69,0,1,0,0,0,155
GRB051,20260407_092431,188,1,131,57,0,0,0,0,0,131
GRB051,20260408_091130,169,1,109,58,0,2,0,0,0,109
GRB051,20260409_094206,181,1,113,68,0,0,0,0,0,113
GRB051,20260410_132040,137,1,71,66,0,0,0,0,0,71
GRB051,20260413_141557,156,1,91,62,0,3,0,0,0,91
GRB052,20260218_164422,310,1,134,176,0,0,0,0,0,134
GRB052,20260219_130312,389,1,139,250,0,0,0,0,0,139
GRB052,20260223_151817,349,1,136,213,0,0,0,0,0,136
GRB052,20260224_114340,267,1,138,127,0,2,0,0,0,138
GRB052,20260225_142257,246,1,116,130,0,0,0,0,0,116
GRB052,20260226_113749,182,1,104,78,0,0,0,0,0,104
GRB052,20260227_132434,327,1,117,208,0,2,0,0,0,117
GRB052,20260303_112219,201,1,108,93,0,0,0,0,0,108
GRB052,20260304_131044,260,1,116,143,0,1,0,0,0,116
GRB052,20260305_110945,353,1,192,160,0,1,0,0,0,192
GRB052,20260306_121808,341,1,168,168,0,5,0,0,0,168
GRB052,20260313_131849,176,1,60,115,0,1,0,0,0,60
GRB052,20260316_115004,153,1,73,80,0,0,0,0,0,73
GRB052,20260317_110148,271,1,171,100,0,0,0,0,0,171
GRB052,20260318_134959,466,1,214,251,0,1,0,0,0,214
GRB052,20260319_151116,260,1,100,160,0,0,0,0,0,100
GRB052,20260320_144726,371,1,131,240,0,0,0,0,0,131
GRB052,20260324_134043,336,1,93,243,0,0,0,0,0,93
GRB052,20260325_141034,259,1,104,155,0,0,0,0,0,104
GRB052,20260326_164127,288,1,110,178,0,0,0,0,0,110
GRB052,20260327_135155,181,1,105,76,0,0,0,0,0,105
GRB052,20260402_105437,279,1,128,151,0,0,0,0,0,128
GRB052,20260406_165603,281,1,137,144,0,0,0,0,0,137
GRB052,20260407_095929,228,1,149,79,0,0,0,0,0,149
GRB052,20260408_095604,207,1,127,80,0,0,0,0,0,127
GRB052,20260409_102356,260,1,143,117,0,0,0,0,0,143
GRB052,20260410_144033,111,1,84,26,0,1,0,0,0,84
GRB052,20260414_104630,256,1,167,88,0,1,0,0,0,167
GRB053,20260217_151959,278,1,161,111,0,6,0,0,0,161
GRB053,20260218_172459,344,1,153,191,0,0,0,0,0,153
GRB053,20260219_142143,392,1,209,176,0,7,0,0,0,209
GRB053,20260223_163843,330,1,218,111,0,1,0,0,0,218
GRB053,20260224_130659,265,1,162,101,0,2,0,0,0,162
GRB053,20260225_152619,416,1,275,131,0,10,0,0,0,275
GRB053,20260226_130631,267,1,167,100,0,0,0,0,0,167
GRB053,20260227_150123,356,1,221,119,0,16,0,0,0,221
GRB053,20260303_120019,318,1,224,84,0,10,0,0,0,224
GRB053,20260305_142226,359,1,141,216,0,2,0,0,0,141
GRB053,20260306_133317,339,1,144,194,0,1,0,0,0,144
GRB053,20260313_141440,343,1,145,196,0,2,0,0,0,145
GRB053,20260316_121630,288,1,87,201,0,0,0,0,0,87
GRB053,20260317_114105,399,1,126,273,0,0,0,0,0,126
GRB053,20260318_152457,421,1,150,271,0,0,0,0,0,150
GRB053,20260319_155736,511,1,195,316,0,0,0,0,0,195
GRB053,20260324_144738,286,1,119,167,0,0,0,0,0,119
GRB053,20260325_152320,288,1,141,130,0,17,0,0,0,141
GRB053,20260327_151240,311,1,102,206,0,3,0,0,0,102
GRB053,20260407_103205,322,1,121,189,0,12,0,0,0,121
GRB053,20260408_103314,204,1,141,46,0,17,0,0,0,141
GRB053,20260409_134858,132,1,84,41,0,7,0,0,0,84
GRB053,20260410_152640,180,1,115,45,0,20,0,0,0,115
GRB053,20260414_113348,139,1,92,34,0,13,0,0,0,92
GRB053,20260416_105337,164,1,107,42,0,15,0,0,0,107
GRB054,20260217_121203,184,1,78,101,0,5,0,0,0,78
GRB054,20260218_142955,212,1,101,104,0,7,0,0,0,101
GRB054,20260219_111351,173,1,76,93,0,4,0,0,0,76
GRB054,20260223_122904,234,1,96,132,0,6,0,0,0,96
GRB054,20260224_093642,131,1,62,60,0,9,0,0,0,62
GRB054,20260225_123524,241,1,151,85,0,5,0,0,0,151
GRB054,20260226_092209,248,1,104,140,0,4,0,0,0,104
GRB054,20260227_104335,248,1,119,124,0,5,0,0,0,119
GRB054,20260302_123953,166,1,104,56,0,6,0,0,0,104
GRB054,20260303_092852,251,1,165,78,0,8,0,0,0,165
GRB054,20260304_105228,146,1,92,44,0,10,0,0,0,92
GRB054,20260305_092330,185,1,97,78,0,10,0,0,0,97
GRB054,20260306_104125,220,1,117,98,0,5,0,0,0,117
GRB054,20260309_112628,263,1,109,149,0,5,0,0,0,109
GRB054,20260310_121311,266,1,122,141,0,3,0,0,0,122
GRB054,20260312_125053,296,1,76,218,0,2,0,0,0,76
GRB054,20260313_113056,250,1,65,185,0,0,0,0,0,65
GRB054,20260316_095835,478,1,134,344,0,0,0,0,0,134
GRB054,20260317_085849,286,1,140,143,0,3,0,0,0,140
GRB054,20260318_111104,227,1,104,122,0,1,0,0,0,104
GRB054,20260319_130851,242,1,134,103,0,5,0,0,0,134
GRB054,20260320_121021,194,1,97,96,0,1,0,0,0,97
GRB054,20260324_130516,200,1,102,98,0,0,0,0,0,102
GRB054,20260325_112553,189,1,100,86,0,3,0,0,0,100
GRB054,20260326_135941,202,1,87,114,0,1,0,0,0,87
GRB054,20260327_111735,138,1,66,69,0,3,0,0,0,66
GRB054,20260401_085415,320,1,114,206,0,0,0,0,0,114
GRB054,20260402_091151,181,1,70,111,0,0,0,0,0,70
GRB054,20260406_144253,191,1,91,96,0,4,0,0,0,91
GRB054,20260407_083151,335,1,159,176,0,0,0,0,0,159
GRB054,20260408_084018,259,1,173,86,0,0,0,0,0,173
GRB054,20260409_085237,356,1,228,127,0,1,0,0,0,228
GRB054,20260410_120640,177,1,86,86,0,5,0,0,0,86
GRB054,20260413_125755,174,1,78,96,0,0,0,0,0,78
GRB054,20260414_115023,150,1,97,50,0,3,0,0,0,97
GRB055,20260217_131742,176,1,116,48,0,12,0,0,0,116
GRB055,20260218_152653,253,1,103,134,0,16,0,0,0,103
GRB055,20260219_120651,225,1,111,103,0,11,0,0,0,111
GRB055,20260223_140846,237,1,126,101,0,10,0,0,0,126
GRB055,20260224_104659,141,1,104,26,0,11,0,0,0,104
GRB055,20260225_135119,233,1,145,85,0,3,0,0,0,145
GRB055,20260226_103839,214,1,115,93,0,6,0,0,0,115
GRB055,20260227_120302,309,1,182,113,0,14,0,0,0,182
GRB055,20260302_132906,340,1,203,118,0,19,0,0,0,203
GRB055,20260303_102635,220,1,124,88,0,8,0,0,0,124
GRB055,20260304_120002,207,1,94,99,0,14,0,0,0,94
GRB055,20260305_101818,204,1,96,102,0,6,0,0,0,96
GRB055,20260306_113120,189,1,107,79,0,3,0,0,0,107
GRB055,20260309_123127,185,1,93,89,0,3,0,0,0,93
GRB055,20260313_122656,269,1,97,171,0,1,0,0,0,97
GRB055,20260316_110246,250,1,103,145,0,2,0,0,0,103
GRB055,20260317_094744,239,1,108,130,0,1,0,0,0,108
GRB055,20260318_122331,255,1,106,136,0,13,0,0,0,106
GRB055,20260319_141453,258,1,114,141,0,3,0,0,0,114
GRB055,20260320_133646,274,1,117,156,0,1,0,0,0,117
GRB055,20260324_135331,207,1,84,123,0,0,0,0,0,84
GRB055,20260325_130440,177,1,71,104,0,2,0,0,0,71
GRB055,20260326_151240,212,1,77,124,0,11,0,0,0,77
GRB055,20260327_122909,168,1,73,86,0,9,0,0,0,73
GRB055,20260401_094324,158,1,77,77,0,4,0,0,0,77
GRB055,20260402_095724,153,1,78,73,0,2,0,0,0,78
GRB055,20260406_155617,218,1,83,133,0,2,0,0,0,83
GRB055,20260407_092643,287,1,156,131,0,0,0,0,0,156
GRB055,20260408_091321,275,1,166,109,0,0,0,0,0,166
GRB055,20260409_094445,224,1,124,100,0,0,0,0,0,124
GRB055,20260410_143710,189,1,100,88,0,1,0,0,0,100
GRB055,20260413_141730,237,1,122,105,0,10,0,0,0,122
GRB056,20260218_164614,183,1,69,113,0,1,0,0,0,69
GRB056,20260219_130510,221,1,103,111,0,7,0,0,0,103
GRB056,20260223_152249,206,1,111,91,0,4,0,0,0,111
GRB056,20260224_115514,146,1,65,81,0,0,0,0,0,65
GRB056,20260225_143314,198,1,85,113,0,0,0,0,0,85
GRB056,20260226_114223,200,1,99,100,0,1,0,0,0,99
GRB056,20260227_132653,245,1,109,127,0,9,0,0,0,109
GRB056,20260303_113539,148,1,72,60,0,16,0,0,0,72
GRB056,20260304_131224,188,1,92,89,0,7,0,0,0,92
GRB056,20260305_111514,166,1,90,73,0,3,0,0,0,90
GRB056,20260306_122006,183,1,82,101,0,0,0,0,0,82
GRB056,20260313_132104,200,1,85,115,0,0,0,0,0,85
GRB056,20260316_121736,288,1,119,168,0,1,0,0,0,119
GRB056,20260317_110808,299,1,132,164,0,3,0,0,0,132
GRB056,20260318_135202,326,1,146,180,0,0,0,0,0,146
GRB056,20260319_151304,294,1,150,144,0,0,0,0,0,150
GRB056,20260320_144852,285,1,155,128,0,2,0,0,0,155
GRB056,20260324_144929,248,1,103,145,0,0,0,0,0,103
GRB056,20260325_141142,208,1,102,105,0,1,0,0,0,102
GRB056,20260326_164257,209,1,97,111,0,1,0,0,0,97
GRB056,20260327_135358,160,1,89,70,0,1,0,0,0,89
GRB056,20260401_103104,246,1,131,115,0,0,0,0,0,131
GRB056,20260402_104817,223,1,131,92,0,0,0,0,0,131
GRB056,20260406_165728,460,1,228,232,0,0,0,0,0,228
GRB056,20260407_100224,261,1,158,103,0,0,0,0,0,158
GRB056,20260408_095815,276,1,184,92,0,0,0,0,0,184
GRB056,20260409_101846,224,1,135,89,0,0,0,0,0,135
GRB056,20260410_152815,283,1,142,129,0,12,0,0,0,142
GRB056,20260414_104911,232,1,108,122,0,2,0,0,0,108
GRB057,20260217_152225,235,1,107,122,0,6,0,0,0,107
GRB057,20260218_172619,390,1,201,189,0,0,0,0,0,201
GRB057,20260223_164141,224,1,182,39,0,3,0,0,0,182
GRB057,20260224_130813,204,1,87,116,0,1,0,0,0,87
GRB057,20260225_152801,266,1,165,93,0,8,0,0,0,165
GRB057,20260226_130822,205,1,113,87,0,5,0,0,0,113
GRB057,20260227_150237,227,1,131,81,0,15,0,0,0,131
GRB057,20260303_130140,199,1,126,71,0,2,0,0,0,126
GRB057,20260305_142518,164,1,118,38,0,8,0,0,0,118
GRB057,20260306_133506,118,1,57,59,0,2,0,0,0,57
GRB057,20260313_141602,226,1,111,114,0,1,0,0,0,111
GRB057,20260316_131605,269,1,152,117,0,0,0,0,0,152
GRB057,20260317_121805,286,1,131,155,0,0,0,0,0,131
GRB057,20260318_152659,346,1,171,175,0,0,0,0,0,171
GRB057,20260319_155842,292,1,100,192,0,0,0,0,0,100
GRB057,20260325_152456,176,1,62,114,0,0,0,0,0,62
GRB057,20260327_151407,109,1,51,57,0,1,0,0,0,51
GRB057,20260402_111625,186,1,78,106,0,2,0,0,0,78
GRB057,20260407_103358,209,1,97,109,0,3,0,0,0,97
GRB057,20260408_103058,265,1,125,139,0,1,0,0,0,125
GRB057,20260409_135126,128,1,51,70,0,7,0,0,0,51
GRB058,20260217_121534,147,1,144,0,0,3,0,0,0,144
GRB058,20260218_143252,280,1,256,22,0,2,0,0,0,256
GRB058,20260219_111818,154,1,81,67,0,6,0,0,0,81
GRB058,20260220_135606,424,1,164,256,0,4,0,0,0,164
GRB058,20260223_160945,358,1,174,183,0,1,0,0,0,174
GRB058,20260224_152424,270,1,157,107,0,6,0,0,0,157
GRB058,20260225_131002,246,1,140,99,0,7,0,0,0,140
GRB058,20260226_092626,80,1,65,13,0,2,0,0,0,65
GRB058,20260227_104726,219,1,174,40,0,5,0,0,0,174
GRB058,20260302_124134,170,1,124,36,0,10,0,0,0,124
GRB058,20260313_113548,196,1,104,91,0,1,0,0,0,104
GRB058,20260316_100145,275,1,128,147,0,0,0,0,0,128
GRB058,20260317_093639,248,1,134,113,0,1,0,0,0,134
GRB058,20260318_111252,211,1,109,102,0,0,0,0,0,109
GRB058,20260319_131303,218,1,124,93,0,1,0,0,0,124
GRB058,20260320_121139,178,1,102,76,0,0,0,0,0,102
GRB058,20260323_125105,179,1,75,102,0,2,0,0,0,75
GRB058,20260324_110627,161,1,87,73,0,1,0,0,0,87
GRB058,20260325_112853,136,1,88,47,0,1,0,0,0,88
GRB058,20260326_140118,160,1,99,60,0,1,0,0,0,99
GRB058,20260327_111846,114,1,81,33,0,0,0,0,0,81
GRB058,20260401_085659,157,1,88,69,0,0,0,0,0,88
GRB058,20260402_091421,146,1,84,62,0,0,0,0,0,84
GRB058,20260406_143517,212,1,126,86,0,0,0,0,0,126
GRB058,20260407_083543,208,1,135,73,0,0,0,0,0,135
GRB058,20260408_084307,139,1,95,44,0,0,0,0,0,95
GRB058,20260408_145042,131,1,86,45,0,0,0,0,0,86
GRB058,20260409_085532,113,1,71,40,0,2,0,0,0,71
GRB058,20260410_120854,90,1,70,20,0,0,0,0,0,70
GRB058,20260413_125630,161,1,118,40,0,3,0,0,0,118
GRB058,20260414_085003,172,1,110,62,0,0,0,0,0,110
GRB058,20260417_133725,168,1,106,62,0,0,0,0,18,88
GRB058,20260420_121525,40,1,24,15,0,1,0,0,5,19
GRB058,20260420_141355,203,1,148,55,0,0,0,0,19,129
GRB058,20260421_122752,137,1,80,56,0,1,0,0,17,63
GRB058,20260421_160125,144,1,102,42,0,0,0,0,16,86
GRB058,20260422_103547,121,1,81,40,0,0,0,0,6,75
GRB058,20260422_132547,58,1,44,13,0,1,0,0,11,33
GRB058,20260423_132018,37,1,18,13,0,6,0,0,2,16
GRB058,20260423_161922,136,1,91,45,0,0,0,0,11,80
GRB058,20260424_133400,157,1,88,68,0,1,0,0,12,76
GRB058,20260427_123304,76,1,38,37,0,1,0,0,4,34
GRB058,20260428_142732,114,1,51,63,0,0,0,0,9,42
GRB058,20260429_140038,238,1,111,127,0,0,0,0,17,94
GRB058,20260430_132843,137,1,69,68,0,0,0,0,9,60
GRB058,20260501_130752,259,1,116,143,0,0,0,0,20,96
GRB058,20260504_125553,242,1,111,131,0,0,0,0,17,94
GRB058,20260505_125950,213,1,90,123,0,0,0,0,4,86
GRB058,20260527_114105,260,1,88,172,0,0,0,0,0,88
GRB058,20260528_104331,262,1,124,138,0,0,0,0,0,124
GRB058,20260529_112922,198,1,80,118,0,0,0,0,0,80
GRB058,20260601_121206,260,1,95,165,0,0,0,0,0,95
GRB058,20260602_113854,176,1,85,91,0,0,0,0,0,85
GRB058,20260603_134808,276,1,95,181,0,0,0,0,0,95
GRB058,20260604_123905,125,1,52,73,0,0,0,0,0,52
GRB058,20260605_120309,205,1,82,123,0,0,0,0,0,82
GRB059,20260324_122329,172,1,96,66,0,10,0,0,0,96
GRB059,20260325_130625,219,1,96,121,0,2,0,0,0,96
GRB059,20260326_150956,255,1,116,136,0,3,0,0,0,116
GRB059,20260327_123026,170,1,80,84,0,6,0,0,0,80
GRB059,20260401_094526,169,1,82,81,0,6,0,0,0,82
GRB059,20260402_094840,201,1,74,126,0,1,0,0,0,74
GRB059,20260406_155816,241,1,210,31,0,0,0,0,0,210
GRB059,20260406_165418,310,1,157,151,0,2,0,0,0,157
GRB059,20260407_093139,187,1,100,83,0,4,0,0,0,100
GRB059,20260408_091811,186,1,114,72,0,0,0,0,0,114
GRB059,20260409_100615,167,1,93,74,0,0,0,0,0,93
GRB059,20260410_133222,191,1,123,67,0,1,0,0,0,123
GRB059,20260417_143434,154,1,86,65,0,3,0,0,12,74
GRB059,20260420_145836,155,1,77,75,0,3,0,0,9,68
GRB059,20260421_134936,217,1,116,95,0,6,0,0,16,100
GRB059,20260422_114938,129,1,78,50,0,1,0,0,12,66
GRB059,20260423_141756,206,1,86,119,0,1,0,0,16,70
GRB059,20260424_150845,141,1,49,92,0,0,0,0,9,40
GRB059,20260427_143141,176,1,38,137,0,1,0,0,9,29
GRB059,20260428_153633,151,1,50,100,0,1,0,0,7,43
GRB059,20260429_154458,269,1,110,159,0,0,0,0,11,99
GRB059,20260501_145827,248,1,101,146,0,1,0,0,15,86
GRB059,20260504_142440,174,1,71,103,0,0,0,0,10,61
GRB059,20260526_140834,221,1,80,141,0,0,0,0,0,80
GRB059,20260527_123633,254,1,96,158,0,0,0,0,0,96
GRB059,20260528_125729,289,1,127,162,0,0,0,0,0,127
GRB059,20260529_124330,229,1,94,134,0,1,0,0,0,94
GRB059,20260601_131806,212,1,91,121,0,0,0,0,0,91
GRB059,20260602_124227,251,1,136,115,0,0,0,0,0,136
GRB059,20260604_135146,220,1,79,141,0,0,0,0,0,79
GRB060,20260317_121936,202,1,146,56,0,0,0,0,0,146
GRB060,20260318_135408,312,1,190,120,0,2,0,0,0,190
GRB060,20260319_151909,148,1,98,50,0,0,0,0,0,98
GRB060,20260320_144952,261,1,156,105,0,0,0,0,0,156
GRB060,20260323_153456,289,1,157,131,0,1,0,0,0,157
GRB060,20260324_134238,185,1,87,98,0,0,0,0,0,87
GRB060,20260325_141533,198,1,87,111,0,0,0,0,0,87
GRB060,20260326_164423,200,1,116,84,0,0,0,0,0,116
GRB060,20260327_135522,184,1,120,64,0,0,0,0,0,120
GRB060,20260401_102636,237,1,83,154,0,0,0,0,0,83
GRB060,20260402_105021,209,1,88,121,0,0,0,0,0,88
GRB060,20260407_103846,336,1,139,196,0,1,0,0,0,139
GRB060,20260408_101326,188,1,102,86,0,0,0,0,0,102
GRB060,20260409_135339,174,1,86,81,0,7,0,0,0,86
GRB060,20260410_142800,161,1,84,58,0,19,0,0,0,84
GRB060,20260414_101034,166,1,107,58,0,1,0,0,0,107
GRB060,20260417_153302,240,1,156,74,0,10,0,0,16,140
GRB060,20260421_150120,164,1,91,69,0,4,0,0,9,82
GRB060,20260422_122949,265,1,136,128,0,1,0,0,21,115
GRB060,20260423_151532,424,1,162,261,0,1,0,0,27,135
GRB060,20260424_155339,280,1,73,207,0,0,0,0,8,65
GRB060,20260427_160417,339,1,86,253,0,0,0,0,15,71
GRB060,20260428_163914,572,1,133,439,0,0,0,0,22,111
GRB060,20260429_170033,192,1,38,152,0,2,0,0,4,34
GRB060,20260501_160201,313,1,73,238,0,2,0,0,10,63
GRB061,20260526_151225,254,1,99,155,0,0,0,0,0,99
GRB061,20260527_134453,284,1,103,181,0,0,0,0,0,103
GRB061,20260528_114633,288,1,127,161,0,0,0,0,0,127
GRB061,20260529_135344,260,1,126,134,0,0,0,0,0,126
GRB061,20260601_143713,307,1,132,175,0,0,0,0,0,132
GRB061,20260602_134202,233,1,136,97,0,0,0,0,0,136
GRB061,20260603_152359,154,1,78,76,0,0,0,0,0,78
GRB061,20260604_145848,343,1,143,199,0,1,0,0,0,143
GRB061,20260605_131132,247,1,122,125,0,0,0,0,0,122
GRB061,20260608_124610,270,1,129,141,0,0,0,0,0,129
GRB061,20260609_130644,360,1,192,168,0,0,0,0,0,192
GRB061,20260610_120243,287,1,161,125,0,1,0,0,0,161
GRB061,20260612_112518,391,1,182,207,0,2,0,0,0,182
GRB061,20260615_114456,375,1,189,186,0,0,0,0,0,189
GRB061,20260616_121500,376,1,189,187,0,0,0,0,0,189
GRB061,20260617_123347,247,1,134,112,0,1,0,0,0,134
GRB061,20260618_135402,129,1,71,58,0,0,0,0,0,71
GRB061,20260622_150833,336,1,193,143,0,0,0,0,0,193
GRB061,20260624_131224,82,1,43,39,0,0,0,0,0,43
GRB061,20260625_151442,290,1,141,148,0,1,0,0,21,120
GRB061,20260626_134845,217,1,127,90,0,0,0,0,22,105
GRB061,20260629_132614,211,1,117,94,0,0,0,0,13,104
GRB061,20260630_144400,227,1,133,94,0,0,0,0,31,102
GRB061,20260701_141053,202,1,111,90,0,1,0,0,16,95
GRB061,20260702_135708,191,1,116,75,0,0,0,0,16,100
GRB061,20260709_134845,232,1,127,104,0,1,0,0,25,102
GRB061,20260713_144936,277,1,143,134,0,0,0,0,19,124
GRB061,20260714_152737,254,1,155,99,0,0,0,0,25,130
GRB061,20260716_150254,243,1,147,96,0,0,0,0,24,123
GRB061,20260717_150326,197,1,120,76,0,1,0,0,17,103
GRB061,20260718_153415,205,1,131,74,0,0,0,0,10,121
GRB061,20260720_133658,63,1,32,30,0,1,0,0,5,27
GRB061,20260723_125918,161,1,78,83,0,0,0,0,16,62
GRB061,20260724_114329,250,1,155,91,0,4,0,0,24,131
GRB061,20260727_122352,249,1,111,136,0,2,0,0,21,90
GRB061,20260728_115744,189,1,92,92,0,5,0,0,15,77
GRB062,20260601_154101,271,1,91,179,0,1,0,0,0,91
GRB062,20260602_134021,193,1,105,88,0,0,0,0,0,105
GRB062,20260605_161238,283,1,106,174,0,3,0,0,0,106
GRB062,20260609_152138,252,1,99,153,0,0,0,0,0,99
GRB063,20260526_140457,277,1,145,125,0,7,0,0,0,145
GRB063,20260527_123500,230,1,109,118,0,3,0,0,0,109
GRB063,20260528_113840,184,1,114,68,0,2,0,0,0,114
GRB063,20260529_124020,234,1,107,126,0,1,0,0,0,107
GRB063,20260601_131930,237,1,119,118,0,0,0,0,0,119
GRB063,20260602_114355,372,1,181,191,0,0,0,0,0,181
GRB063,20260604_135038,298,1,104,193,0,1,0,0,0,104
GRB063,20260605_145951,324,1,117,207,0,0,0,0,0,117
GRB063,20260608_134037,287,1,130,157,0,0,0,0,0,130
GRB063,20260609_134905,347,1,159,188,0,0,0,0,0,159
GRB063,20260610_120623,170,1,78,92,0,0,0,0,0,78
GRB063,20260612_133007,191,1,64,127,0,0,0,0,0,64
GRB063,20260615_123229,282,1,98,184,0,0,0,0,0,98
GRB063,20260616_134424,275,1,89,186,0,0,0,0,0,89
GRB063,20260617_123516,341,1,163,178,0,0,0,0,0,163
GRB063,20260618_135235,247,1,130,117,0,0,0,0,0,130
GRB063,20260624_115049,105,1,47,58,0,0,0,0,0,47
GRB063,20260625_140000,205,1,64,141,0,0,0,0,0,64
GRB063,20260626_123601,217,1,110,107,0,0,0,0,0,110
GRB063,20260629_121833,172,1,76,96,0,0,0,0,0,76
GRB063,20260630_132851,230,1,100,130,0,0,0,0,0,100
GRB063,20260701_132515,202,1,120,79,0,3,0,0,0,120
GRB063,20260702_130052,243,1,121,122,0,0,0,0,0,121
GRB063,20260709_124448,188,1,64,123,0,1,0,0,0,64
GRB063,20260713_140128,270,1,133,135,0,2,0,0,0,133
GRB063,20260714_145009,288,1,137,151,0,0,0,0,0,137
GRB063,20260716_141604,273,1,102,171,0,0,0,0,0,102
GRB063,20260717_142015,244,1,98,146,0,0,0,0,0,98
GRB063,20260718_144944,300,1,123,177,0,0,0,0,0,123
GRB063,20260720_133526,194,1,65,128,0,1,0,0,0,65
GRB063,20260723_125747,159,1,76,83,0,0,0,0,0,76
GRB063,20260724_114007,164,1,64,96,0,4,0,0,0,64
GRB063,20260727_122211,280,1,112,167,0,1,0,0,22,90
GRB063,20260728_115501,176,1,79,95,0,2,0,0,17,62
GRB064,20260526_151020,251,1,131,117,0,3,0,0,0,131
GRB064,20260527_134129,223,1,132,82,0,9,0,0,0,132
GRB064,20260528_125617,206,1,137,64,0,5,0,0,0,137
GRB064,20260529_135219,202,1,119,82,0,1,0,0,0,119
GRB064,20260601_143557,246,1,169,76,0,1,0,0,0,169
GRB064,20260602_123837,323,1,203,120,0,0,0,0,0,203
GRB064,20260603_152229,329,1,163,165,0,1,0,0,0,163
GRB064,20260604_145736,396,1,194,197,0,5,0,0,0,194
GRB064,20260605_130949,290,1,189,100,0,1,0,0,0,189
GRB064,20260608_143856,379,1,251,126,0,2,0,0,0,251
GRB064,20260609_144050,315,1,171,144,0,0,0,0,0,171
GRB064,20260610_125358,302,1,149,153,0,0,0,0,0,149
GRB064,20260612_145528,264,1,167,96,0,1,0,0,0,167
GRB064,20260615_134423,295,1,181,112,0,2,0,0,0,181
GRB064,20260616_143235,335,1,236,99,0,0,0,0,0,236
GRB064,20260617_141450,227,1,145,82,0,0,0,0,0,145
GRB064,20260618_152956,215,1,125,89,0,1,0,0,0,125
GRB064,20260622_151118,203,1,138,65,0,0,0,0,0,138
GRB064,20260623_143521,272,1,173,99,0,0,0,0,0,173
GRB064,20260624_125929,160,1,97,63,0,0,0,0,0,97
GRB064,20260625_151319,247,1,166,81,0,0,0,0,30,136
GRB064,20260626_134626,221,1,151,70,0,0,0,0,21,130
GRB064,20260629_132456,150,1,91,59,0,0,0,0,12,79
GRB064,20260630_143931,203,1,135,68,0,0,0,0,21,114
GRB064,20260701_140828,237,1,156,81,0,0,0,0,21,135
GRB064,20260702_135735,239,1,157,81,0,1,0,0,26,131
GRB064,20260709_135323,134,1,75,58,0,1,0,0,10,65
GRB064,20260713_144908,169,1,79,90,0,0,0,0,11,68
GRB064,20260714_153251,284,1,171,113,0,0,0,0,25,146
GRB064,20260716_151003,216,1,155,59,0,2,0,0,23,132
GRB064,20260717_151107,247,1,185,62,0,0,0,0,26,159
GRB064,20260718_154158,230,1,173,57,0,0,0,0,33,140
GRB064,20260720_150808,315,1,244,71,0,0,0,0,25,219
GRB064,20260723_135737,220,1,159,60,0,1,0,0,26,133
GRB064,20260724_134053,220,1,150,68,0,2,0,0,24,126
GRB064,20260727_134720,213,1,155,56,0,2,0,0,18,137
GRB064,20260728_132047,255,1,176,79,0,0,0,0,27,149
GRB065,20260527_113834,167,1,75,87,0,5,0,0,0,75
GRB065,20260528_104840,249,1,108,141,0,0,0,0,0,108
GRB065,20260529_112745,241,1,101,140,0,0,0,0,0,101
GRB065,20260601_121342,218,1,88,128,0,2,0,0,0,88
GRB065,20260602_111018,222,1,78,142,0,2,0,0,0,78
GRB065,20260603_135028,186,1,75,110,0,1,0,0,0,75
GRB065,20260604_124121,258,1,101,157,0,0,0,0,0,101
GRB065,20260605_120450,194,1,86,107,0,1,0,0,0,86
GRB065,20260608_124835,273,1,98,174,0,1,0,0,0,98
GRB065,20260609_131054,320,1,111,208,0,1,0,0,0,111
GRB066,20260526_140630,318,1,127,188,0,3,0,0,0,127
GRB066,20260527_123809,313,1,127,183,0,3,0,0,0,127
GRB066,20260528_115106,303,1,124,175,0,4,0,0,0,124
GRB066,20260529_124136,286,1,94,190,0,2,0,0,0,94
GRB066,20260601_132037,310,1,89,220,0,1,0,0,0,89
GRB066,20260602_120718,194,1,81,111,0,2,0,0,0,81
GRB066,20260603_152512,344,1,129,215,0,0,0,0,0,129
GRB066,20260604_135258,292,1,113,179,0,0,0,0,0,113
GRB066,20260605_145711,282,1,114,167,0,1,0,0,0,114
GRB066,20260608_134451,328,1,140,188,0,0,0,0,0,140
GRB066,20260609_141204,262,1,126,136,0,0,0,0,0,126
GRB066,20260610_120058,212,1,101,111,0,0,0,0,0,101
GRB066,20260612_112734,304,1,113,188,0,3,0,0,0,113
GRB066,20260615_113749,157,1,36,120,0,1,0,0,0,36
GRB066,20260616_121640,286,1,117,169,0,0,0,0,0,117
GRB066,20260617_123824,340,1,134,206,0,0,0,0,0,134
GRB066,20260618_135740,284,1,115,169,0,0,0,0,0,115
GRB066,20260624_130510,238,1,109,128,0,1,0,0,0,109
GRB066,20260625_140413,164,1,84,80,0,0,0,0,0,84
GRB066,20260626_123859,124,1,62,62,0,0,0,0,0,62
GRB066,20260629_122050,158,1,73,83,0,2,0,0,0,73
GRB066,20260630_133635,148,1,74,74,0,0,0,0,0,74
GRB066,20260701_132024,163,1,88,74,0,1,0,0,0,88
GRB066,20260702_130558,180,1,91,89,0,0,0,0,0,91
GRB066,20260709_125010,253,1,94,159,0,0,0,0,0,94
GRB066,20260713_140529,285,1,129,155,0,1,0,0,0,129
GRB066,20260714_145351,175,1,85,89,0,1,0,0,0,85
GRB066,20260716_142250,158,1,78,80,0,0,0,0,0,78
GRB066,20260717_141751,196,1,82,113,0,1,0,0,0,82
GRB066,20260718_144756,235,1,112,122,0,1,0,0,0,112
GRB066,20260720_134031,161,1,82,79,0,0,0,0,0,82
GRB066,20260723_130241,62,1,14,48,0,0,0,0,0,14
GRB066,20260724_114150,122,1,52,65,0,5,0,0,0,52
GRB066,20260727_122530,158,1,60,95,0,3,0,0,0,60
GRB066,20260728_115619,121,1,48,68,0,5,0,0,0,48
GRB067,20260526_151422,298,1,112,185,0,1,0,0,0,112
GRB067,20260527_134331,322,1,87,234,0,1,0,0,0,87
GRB067,20260528_125846,397,1,135,262,0,0,0,0,0,135
GRB067,20260529_135519,272,1,69,203,0,0,0,0,0,69
GRB067,20260601_143834,279,1,77,202,0,0,0,0,0,77
GRB067,20260602_130331,189,1,73,116,0,0,0,0,0,73
GRB067,20260604_150006,464,1,206,254,0,4,0,0,0,206
GRB067,20260608_144059,381,1,122,259,0,0,0,0,0,122
GRB067,20260609_145002,294,1,113,181,0,0,0,0,0,113
GRB067,20260610_125557,347,1,112,235,0,0,0,0,0,112
GRB067,20260612_133126,315,1,97,218,0,0,0,0,0,97
GRB067,20260615_123353,251,1,60,191,0,0,0,0,0,60
GRB067,20260616_134531,187,1,44,142,0,1,0,0,0,44
GRB067,20260617_141607,253,1,63,190,0,0,0,0,0,63
GRB067,20260618_153111,351,1,106,245,0,0,0,0,0,106
GRB067,20260624_142432,325,1,106,218,0,1,0,0,0,106
GRB067,20260625_151611,301,1,111,189,0,1,0,0,0,111
GRB067,20260626_134739,224,1,86,138,0,0,0,0,0,86
GRB067,20260629_132816,272,1,108,163,0,1,0,0,0,108
GRB067,20260630_143642,287,1,113,174,0,0,0,0,0,113
GRB067,20260701_141230,264,1,97,167,0,0,0,0,0,97
GRB067,20260702_135806,191,1,58,130,0,3,0,0,0,58
GRB067,20260709_134904,241,1,54,187,0,0,0,0,0,54
GRB067,20260713_145044,202,1,43,159,0,0,0,0,0,43
GRB067,20260714_153115,223,1,73,150,0,0,0,0,0,73
GRB067,20260716_150754,218,1,54,164,0,0,0,0,0,54
GRB067,20260717_150908,235,1,56,179,0,0,0,0,0,56
GRB067,20260718_153840,226,1,68,158,0,0,0,0,0,68
GRB067,20260720_151002,253,1,101,152,0,0,0,0,0,101
GRB067,20260723_135954,221,1,74,144,0,3,0,0,0,74
GRB067,20260724_134521,182,1,87,95,0,0,0,0,0,87
GRB067,20260727_134829,219,1,89,130,0,0,0,0,0,89
GRB067,20260728_132202,204,1,86,118,0,0,0,0,0,86
GRB068,20260709_144708,182,1,162,13,0,7,0,0,0,162
GRB068,20260713_155746,238,1,190,41,0,7,0,0,0,190
GRB068,20260714_161838,231,1,134,95,0,2,0,0,0,134
GRB068,20260716_155405,227,1,177,50,0,0,0,0,0,177
GRB068,20260717_154938,241,1,122,116,0,3,0,0,0,122
GRB068,20260718_162239,248,1,91,157,0,0,0,0,0,91
GRB068,20260720_160758,240,1,89,150,0,1,0,0,0,89
GRB068,20260723_135852,352,1,111,240,0,1,0,0,0,111
GRB068,20260724_134348,274,1,115,158,0,1,0,0,0,115
GRB068,20260727_135002,312,1,108,204,0,0,0,0,0,108
GRB068,20260728_132324,295,1,161,124,0,10,0,0,0,161
GRB069,20260727_145332,233,1,150,71,0,12,0,0,0,150
GRB069,20260728_144206,360,1,172,183,0,5,0,0,0,172
GRB070,20260709_144730,168,1,127,39,0,2,0,0,0,127
GRB070,20260713_155806,160,1,124,28,0,8,0,0,0,124
GRB070,20260714_162323,154,1,97,53,0,4,0,0,0,97
GRB070,20260716_155851,186,1,123,60,0,3,0,0,0,123
GRB070,20260717_155637,154,1,53,101,0,0,0,0,0,53
GRB070,20260718_162619,90,1,43,44,0,3,0,0,0,43
GRB070,20260720_161146,189,1,107,80,0,2,0,0,0,107
GRB070,20260723_154239,132,1,78,52,0,2,0,0,0,78
GRB070,20260724_150617,158,1,92,50,0,16,0,0,0,92
GRB070,20260727_145522,132,1,50,81,0,1,0,0,0,50
GRB070,20260728_144312,222,1,93,129,0,0,0,0,0,93
